id,inquiry_id,type,created_at,updated_at,created_by,name
1,17,1,2021-05-30 09:06:29,2021-05-30 09:06:29,,Client chat
2,18,1,2021-05-30 09:06:29,2021-05-30 09:06:29,,Client chat
3,19,1,2021-05-30 09:06:29,2021-05-30 09:06:29,,Client chat
4,20,1,2021-05-30 09:06:29,2021-05-30 09:06:29,,Client chat
5,21,1,2021-05-30 09:06:29,2021-05-30 09:06:29,,Client chat
6,22,1,2021-05-30 09:06:29,2021-05-30 09:06:29,,Client chat
7,32,1,2021-05-30 09:06:29,2021-05-30 09:06:29,,Client chat
8,33,1,2021-05-30 09:06:29,2021-05-30 09:06:29,,Client chat
9,34,1,2021-05-30 09:06:29,2021-05-30 09:06:29,,Client chat
10,35,1,2021-05-30 09:06:29,2021-05-30 09:06:29,,Client chat
11,36,1,2021-05-30 09:06:29,2021-05-30 09:06:29,,Client chat
12,37,1,2021-05-30 09:06:29,2021-05-30 09:06:29,,Client chat
13,38,1,2021-05-30 09:06:29,2021-05-30 09:06:29,,Client chat
14,39,1,2021-05-30 09:06:29,2021-05-30 09:06:29,,Client chat
15,40,1,2021-05-30 09:06:29,2021-05-30 09:06:29,,Client chat
16,47,1,2021-05-30 09:06:29,2021-05-30 09:06:29,,Client chat
17,49,1,2021-05-30 09:06:29,2021-05-30 09:06:29,,Client chat
18,50,1,2021-05-30 09:06:29,2021-05-30 09:06:29,,Client chat
19,51,1,2021-05-30 09:06:29,2021-05-30 09:06:29,,Client chat
20,52,1,2021-05-30 09:06:29,2021-05-30 09:06:29,,Client chat
21,53,1,2021-05-30 09:06:29,2021-05-30 09:06:29,,Client chat
22,54,1,2021-05-30 09:06:29,2021-05-30 09:06:29,,Client chat
23,55,1,2021-05-30 09:06:29,2021-05-30 09:06:29,,Client chat
24,60,1,2021-05-30 09:06:29,2021-05-30 09:06:29,,Client chat
25,61,1,2021-05-30 09:06:29,2021-05-30 09:06:29,,Client chat
26,62,1,2021-05-30 09:06:29,2021-05-30 09:06:29,,Client chat
27,63,1,2021-05-30 09:06:29,2021-05-30 09:06:29,,Client chat
28,87,1,2021-05-30 09:06:29,2021-05-30 09:06:29,,Client chat
29,89,1,2021-05-30 09:06:29,2021-05-30 09:06:29,,Client chat
30,91,1,2021-05-30 09:06:29,2021-05-30 09:06:29,,Client chat
31,92,1,2021-05-30 09:06:29,2021-05-30 09:06:29,,Client chat
32,93,1,2021-05-30 09:06:29,2021-05-30 09:06:29,,Client chat
33,94,1,2021-05-30 09:06:29,2021-05-30 09:06:29,,Client chat
34,95,1,2021-05-30 09:06:29,2021-05-30 09:06:29,,Client chat
35,96,1,2021-05-30 09:06:29,2021-05-30 09:06:29,,Client chat
36,97,1,2021-05-30 09:06:29,2021-05-30 09:06:29,,Client chat
37,100,1,2021-05-30 09:06:29,2021-05-30 09:06:29,,Client chat
38,101,1,2021-05-30 09:06:29,2021-05-30 09:06:29,,Client chat
39,102,1,2021-05-30 09:06:29,2021-05-30 09:06:29,,Client chat
40,103,1,2021-05-30 09:06:29,2021-05-30 09:06:29,,Client chat
41,104,1,2021-05-30 09:06:29,2021-05-30 09:06:29,,Client chat
42,105,1,2021-05-30 09:06:29,2021-05-30 09:06:29,,Client chat
43,107,1,2021-05-30 09:06:29,2021-05-30 09:06:29,,Client chat
44,108,1,2021-05-30 09:06:29,2021-05-30 09:06:29,,Client chat
45,109,1,2021-05-30 09:06:29,2021-05-30 09:06:29,,Client chat
46,110,1,2021-05-30 09:06:29,2021-05-30 09:06:29,,Client chat
47,112,1,2021-05-30 09:06:29,2021-05-30 09:06:29,,Client chat
48,115,1,2021-05-30 09:06:29,2021-05-30 09:06:29,,Client chat
49,116,1,2021-05-30 09:06:29,2021-05-30 09:06:29,,Client chat
50,117,1,2021-05-30 09:06:29,2021-05-30 09:06:29,,Client chat
51,118,1,2021-05-30 09:06:29,2021-05-30 09:06:29,,Client chat
52,119,1,2021-05-30 09:06:29,2021-05-30 09:06:29,,Client chat
53,120,1,2021-05-30 09:06:29,2021-05-30 09:06:29,,Client chat
54,121,1,2021-05-30 09:06:29,2021-05-30 09:06:29,,Client chat
55,122,1,2021-05-30 09:06:29,2021-05-30 09:06:29,,Client chat
56,123,1,2021-05-30 09:06:29,2021-05-30 09:06:29,,Client chat
57,124,1,2021-05-30 09:06:29,2021-05-30 09:06:29,,Client chat
58,125,1,2021-05-30 09:06:29,2021-05-30 09:06:29,,Client chat
59,129,1,2021-05-30 09:06:29,2021-05-30 09:06:29,,Client chat
60,130,1,2021-05-30 09:06:29,2021-05-30 09:06:29,,Client chat
61,131,1,2021-05-30 09:06:29,2021-05-30 09:06:29,,Client chat
62,132,1,2021-05-30 09:06:29,2021-05-30 09:06:29,,Client chat
63,133,1,2021-05-30 09:06:29,2021-05-30 09:06:29,,Client chat
64,134,1,2021-05-30 09:06:29,2021-05-30 09:06:29,,Client chat
65,135,1,2021-05-30 09:06:29,2021-05-30 09:06:29,,Client chat
66,136,1,2021-05-30 09:06:29,2021-05-30 09:06:29,,Client chat
67,137,1,2021-05-30 09:06:29,2021-05-30 09:06:29,,Client chat
68,138,1,2021-05-30 09:06:29,2021-05-30 09:06:29,,Client chat
69,139,1,2021-05-30 09:06:29,2021-05-30 09:06:29,,Client chat
70,143,1,2021-05-30 09:06:29,2021-05-30 09:06:29,,Client chat
71,144,1,2021-05-30 09:06:29,2021-05-30 09:06:29,,Client chat
72,149,1,2021-05-30 09:06:29,2021-05-30 09:06:29,,Client chat
73,151,1,2021-05-30 09:06:29,2021-05-30 09:06:29,,Client chat
74,152,1,2021-05-30 09:06:29,2021-05-30 09:06:29,,Client chat
75,153,1,2021-05-30 09:06:29,2021-05-30 09:06:29,,Client chat
76,154,1,2021-05-30 09:06:29,2021-05-30 09:06:29,,Client chat
77,155,1,2021-05-30 09:06:29,2021-05-30 09:06:29,,Client chat
78,156,1,2021-05-30 09:06:29,2021-05-30 09:06:29,,Client chat
79,157,1,2021-05-30 09:06:29,2021-05-30 09:06:29,,Client chat
80,158,1,2021-05-30 09:06:29,2021-05-30 09:06:29,,Client chat
81,159,1,2021-05-30 09:06:29,2021-05-30 09:06:29,,Client chat
82,160,1,2021-05-30 09:06:29,2021-05-30 09:06:29,,Client chat
83,161,1,2021-05-30 09:06:29,2021-05-30 09:06:29,,Client chat
84,163,1,2021-05-30 09:06:29,2021-05-30 09:06:29,,Client chat
85,164,1,2021-05-30 09:06:29,2021-05-30 09:06:29,,Client chat
86,165,1,2021-05-30 09:06:29,2021-05-30 09:06:29,,Client chat
87,166,1,2021-05-30 09:06:29,2021-05-30 09:06:29,,Client chat
88,169,1,2021-05-30 09:06:29,2021-05-30 09:06:29,,Client chat
89,170,1,2021-05-30 09:06:29,2021-05-30 09:06:29,,Client chat
90,171,1,2021-05-30 09:06:29,2021-05-30 09:06:29,,Client chat
91,172,1,2021-05-30 09:06:29,2021-05-30 09:06:29,,Client chat
92,173,1,2021-05-30 09:06:29,2021-05-30 09:06:29,,Client chat
93,176,1,2021-05-30 09:06:29,2021-05-30 09:06:29,,Client chat
94,177,1,2021-05-30 09:06:29,2021-05-30 09:06:29,,Client chat
95,178,1,2021-05-30 09:06:29,2021-05-30 09:06:29,,Client chat
96,179,1,2021-05-30 09:06:29,2021-05-30 09:06:29,,Client chat
97,180,1,2021-05-30 09:06:29,2021-05-30 09:06:29,,Client chat
98,181,1,2021-05-30 09:06:29,2021-05-30 09:06:29,,Client chat
99,188,1,2021-05-30 09:06:29,2021-05-30 09:06:29,,Client chat
100,189,1,2021-05-30 09:06:29,2021-05-30 09:06:29,,Client chat
101,190,1,2021-05-30 09:06:29,2021-05-30 09:06:29,,Client chat
102,192,1,2021-05-30 09:06:29,2021-05-30 09:06:29,,Client chat
103,197,1,2021-05-30 09:06:29,2021-05-30 09:06:29,,Client chat
104,198,1,2021-05-30 09:06:29,2021-05-30 09:06:29,,Client chat
105,199,1,2021-05-30 09:06:29,2021-05-30 09:06:29,,Client chat
106,280,1,2021-05-30 09:06:29,2021-05-30 09:06:29,,Client chat
107,281,1,2021-05-30 09:06:29,2021-05-30 09:06:29,,Client chat
108,282,1,2021-05-30 09:06:29,2021-05-30 09:06:29,,Client chat
109,283,1,2021-05-30 09:06:29,2021-05-30 09:06:29,,Client chat
110,284,1,2021-05-30 09:06:29,2021-05-30 09:06:29,,Client chat
111,285,1,2021-05-30 09:06:29,2021-05-30 09:06:29,,Client chat
112,287,1,2021-05-30 09:06:29,2021-05-30 09:06:29,,Client chat
113,288,1,2021-05-30 09:06:29,2021-05-30 09:06:29,,Client chat
114,289,1,2021-05-30 09:06:29,2021-05-30 09:06:29,,Client chat
115,290,1,2021-05-30 09:06:29,2021-05-30 09:06:29,,Client chat
116,291,1,2021-05-30 09:06:29,2021-05-30 09:06:29,,Client chat
117,293,1,2021-05-30 09:06:29,2021-05-30 09:06:29,,Client chat
118,294,1,2021-05-30 09:06:29,2021-05-30 09:06:29,,Client chat
119,299,1,2021-05-30 09:06:29,2021-05-30 09:06:29,,Client chat
120,300,1,2021-05-30 09:06:29,2021-05-30 09:06:29,,Client chat
121,301,1,2021-05-30 09:06:29,2021-05-30 09:06:29,,Client chat
122,302,1,2021-05-30 09:06:29,2021-05-30 09:06:29,,Client chat
123,303,1,2021-05-30 09:06:29,2021-05-30 09:06:29,,Client chat
124,304,1,2021-05-30 09:06:29,2021-05-30 09:06:29,,Client chat
125,305,1,2021-05-30 09:06:29,2021-05-30 09:06:29,,Client chat
126,306,1,2021-05-30 09:06:29,2021-05-30 09:06:29,,Client chat
127,311,1,2021-05-30 09:06:29,2021-05-30 09:06:29,,Client chat
128,312,1,2021-05-30 09:06:29,2021-05-30 09:06:29,,Client chat
129,315,1,2021-05-30 09:06:29,2021-05-30 09:06:29,,Client chat
130,316,1,2021-05-30 09:06:29,2021-05-30 09:06:29,,Client chat
131,317,1,2021-05-30 09:06:29,2021-05-30 09:06:29,,Client chat
132,318,1,2021-05-30 09:06:29,2021-05-30 09:06:29,,Client chat
133,320,1,2021-05-30 09:06:29,2021-05-30 09:06:29,,Client chat
134,321,1,2021-05-30 09:06:29,2021-05-30 09:06:29,,Client chat
135,322,1,2021-05-30 09:06:29,2021-05-30 09:06:29,,Client chat
136,323,1,2021-05-30 09:06:29,2021-05-30 09:06:29,,Client chat
137,324,1,2021-05-30 09:06:29,2021-05-30 09:06:29,,Client chat
138,325,1,2021-05-30 09:06:29,2021-05-30 09:06:29,,Client chat
139,326,1,2021-05-30 09:06:29,2021-05-30 09:06:29,,Client chat
140,327,1,2021-05-30 09:06:29,2021-05-30 09:06:29,,Client chat
141,328,1,2021-05-30 09:06:29,2021-05-30 09:06:29,,Client chat
142,330,1,2021-05-30 09:06:29,2021-05-30 09:06:29,,Client chat
143,331,1,2021-05-30 09:06:29,2021-05-30 09:06:29,,Client chat
144,332,1,2021-05-30 09:06:29,2021-05-30 09:06:29,,Client chat
145,333,1,2021-05-30 09:06:29,2021-05-30 09:06:29,,Client chat
146,334,1,2021-05-30 09:06:29,2021-05-30 09:06:29,,Client chat
147,335,1,2021-05-30 09:06:29,2021-05-30 09:06:29,,Client chat
148,336,1,2021-05-30 09:06:29,2021-05-30 09:06:29,,Client chat
149,337,1,2021-05-30 09:06:29,2021-05-30 09:06:29,,Client chat
150,338,1,2021-05-30 09:06:29,2021-05-30 09:06:29,,Client chat
151,339,1,2021-05-30 09:06:29,2021-05-30 09:06:29,,Client chat
152,344,1,2021-05-30 09:06:29,2021-05-30 09:06:29,,Client chat
153,345,1,2021-05-30 09:06:29,2021-05-30 09:06:29,,Client chat
154,346,1,2021-05-30 09:06:29,2021-05-30 09:06:29,,Client chat
155,347,1,2021-05-30 09:06:29,2021-05-30 09:06:29,,Client chat
156,348,1,2021-05-30 09:06:29,2021-05-30 09:06:29,,Client chat
157,349,1,2021-05-30 09:06:29,2021-05-30 09:06:29,,Client chat
158,350,1,2021-05-30 09:06:29,2021-05-30 09:06:29,,Client chat
159,351,1,2021-05-30 09:06:29,2021-05-30 09:06:29,,Client chat
160,352,1,2021-05-30 09:06:29,2021-05-30 09:06:29,,Client chat
161,353,1,2021-05-30 09:06:29,2021-05-30 09:06:29,,Client chat
162,354,1,2021-05-30 09:06:29,2021-05-30 09:06:29,,Client chat
163,357,1,2021-05-30 09:06:29,2021-05-30 09:06:29,,Client chat
164,358,1,2021-05-30 09:06:29,2021-05-30 09:06:29,,Client chat
165,359,1,2021-05-30 09:06:29,2021-05-30 09:06:29,,Client chat
166,361,1,2021-05-30 09:06:29,2021-05-30 09:06:29,,Client chat
167,362,1,2021-05-30 09:06:29,2021-05-30 09:06:29,,Client chat
168,371,1,2021-05-30 09:06:29,2021-05-30 09:06:29,,Client chat
169,372,1,2021-05-30 09:06:29,2021-05-30 09:06:29,,Client chat
170,376,1,2021-05-30 09:06:29,2021-05-30 09:06:29,,Client chat
171,379,1,2021-05-30 09:06:29,2021-05-30 09:06:29,,Client chat
172,380,1,2021-05-30 09:06:29,2021-05-30 09:06:29,,Client chat
173,381,1,2021-05-30 09:06:29,2021-05-30 09:06:29,,Client chat
174,382,1,2021-05-30 09:06:29,2021-05-30 09:06:29,,Client chat
175,387,1,2021-05-30 09:06:29,2021-05-30 09:06:29,,Client chat
176,388,1,2021-05-30 09:06:29,2021-05-30 09:06:29,,Client chat
177,389,1,2021-05-30 09:06:29,2021-05-30 09:06:29,,Client chat
178,390,1,2021-05-30 09:06:29,2021-05-30 09:06:29,,Client chat
179,391,1,2021-05-30 09:06:29,2021-05-30 09:06:29,,Client chat
180,392,1,2021-05-30 09:06:29,2021-05-30 09:06:29,,Client chat
181,395,1,2021-05-30 09:06:29,2021-05-30 09:06:29,,Client chat
182,396,1,2021-05-30 09:06:29,2021-05-30 09:06:29,,Client chat
183,397,1,2021-05-30 09:06:29,2021-05-30 09:06:29,,Client chat
184,398,1,2021-05-30 09:06:29,2021-05-30 09:06:29,,Client chat
185,399,1,2021-05-30 09:06:29,2021-05-30 09:06:29,,Client chat
186,400,1,2021-05-30 09:06:29,2021-05-30 09:06:29,,Client chat
187,401,1,2021-05-30 09:06:29,2021-05-30 09:06:29,,Client chat
188,402,1,2021-05-30 09:06:29,2021-05-30 09:06:29,,Client chat
189,403,1,2021-05-30 09:06:29,2021-05-30 09:06:29,,Client chat
190,404,1,2021-05-30 09:06:29,2021-05-30 09:06:29,,Client chat
191,405,1,2021-05-30 09:06:29,2021-05-30 09:06:29,,Client chat
192,406,1,2021-05-30 09:06:29,2021-05-30 09:06:29,,Client chat
193,407,1,2021-05-30 09:06:29,2021-05-30 09:06:29,,Client chat
194,408,1,2021-05-30 09:06:29,2021-05-30 09:06:29,,Client chat
195,414,1,2021-05-30 09:06:29,2021-05-30 09:06:29,,Client chat
196,417,1,2021-05-30 09:06:29,2021-05-30 09:06:29,,Client chat
197,418,1,2021-05-30 09:06:29,2021-05-30 09:06:29,,Client chat
198,419,1,2021-05-30 09:06:29,2021-05-30 09:06:29,,Client chat
199,420,1,2021-05-30 09:06:29,2021-05-30 09:06:29,,Client chat
200,421,1,2021-05-30 09:06:29,2021-05-30 09:06:29,,Client chat
201,422,1,2021-05-30 09:06:29,2021-05-30 09:06:29,,Client chat
202,423,1,2021-05-30 09:06:29,2021-05-30 09:06:29,,Client chat
203,424,1,2021-05-30 09:06:29,2021-05-30 09:06:29,,Client chat
204,425,1,2021-05-30 09:06:29,2021-05-30 09:06:29,,Client chat
205,426,1,2021-05-30 09:06:29,2021-05-30 09:06:29,,Client chat
206,427,1,2021-05-30 09:06:29,2021-05-30 09:06:29,,Client chat
207,428,1,2021-05-30 09:06:29,2021-05-30 09:06:29,,Client chat
208,429,1,2021-05-30 09:06:29,2021-05-30 09:06:29,,Client chat
209,433,1,2021-05-30 09:06:29,2021-05-30 09:06:29,,Client chat
210,434,1,2021-05-30 09:06:29,2021-05-30 09:06:29,,Client chat
211,435,1,2021-05-30 09:06:29,2021-05-30 09:06:29,,Client chat
212,436,1,2021-05-30 09:06:29,2021-05-30 09:06:29,,Client chat
213,437,1,2021-05-30 09:06:29,2021-05-30 09:06:29,,Client chat
214,438,1,2021-05-30 09:06:29,2021-05-30 09:06:29,,Client chat
215,439,1,2021-05-30 09:06:29,2021-05-30 09:06:29,,Client chat
216,440,1,2021-05-30 09:06:29,2021-05-30 09:06:29,,Client chat
217,441,1,2021-05-30 09:06:29,2021-05-30 09:06:29,,Client chat
218,442,1,2021-05-30 09:06:29,2021-05-30 09:06:29,,Client chat
219,443,1,2021-05-30 09:06:29,2021-05-30 09:06:29,,Client chat
220,451,1,2021-05-30 09:06:29,2021-07-22 17:08:53,,Buyer - Account Manager
221,452,1,2021-05-30 09:06:29,2021-05-30 09:06:29,,Client chat
222,453,1,2021-05-31 10:37:55,2021-05-31 10:37:55,,Client chat
223,454,1,2021-05-31 10:40:33,2021-05-31 10:40:33,,Client chat
225,455,2,2021-06-02 13:17:33,2021-06-02 13:17:33,,General chat
227,456,2,2021-06-02 14:56:44,2021-06-02 14:56:44,,General chat
228,164,2,2021-06-03 23:33:10,2021-06-03 23:33:10,,General chat
229,457,1,2021-06-04 08:32:24,2021-06-04 08:32:24,,Client chat
230,457,2,2021-06-04 08:36:43,2021-06-04 08:36:43,,General chat
231,457,3,2021-06-05 12:03:13,2021-06-09 11:28:38,1691,Fabric
232,458,1,2021-06-06 17:40:27,2021-06-06 17:40:27,,Client chat
233,458,2,2021-06-06 17:44:47,2021-06-06 17:44:47,,General chat
234,451,2,2021-06-08 08:55:23,2021-06-08 08:55:23,,General chat
235,459,1,2021-06-09 02:39:24,2021-06-09 02:39:24,,Client chat
236,459,2,2021-06-09 11:23:46,2021-06-09 11:23:46,,General chat
237,457,3,2021-06-09 11:27:35,2021-06-09 11:28:51,1691,Design
238,457,3,2021-06-09 11:29:21,2021-06-09 11:29:21,1691,
239,457,3,2021-06-09 11:40:15,2021-06-09 11:40:15,293,
240,460,1,2021-06-01 12:17:22,2021-06-01 12:17:22,,Client chat
241,461,1,2021-06-03 19:04:55,2021-06-03 19:04:55,,Client chat
242,462,1,2021-06-10 04:16:45,2021-06-10 04:16:45,,Client chat
243,463,1,2021-06-10 20:50:25,2021-06-10 20:50:25,,Client chat
244,464,1,2021-06-10 20:52:01,2021-06-10 20:52:01,,Client chat
245,465,1,2021-06-11 13:54:45,2021-06-11 13:54:45,,Client chat
246,458,3,2021-06-11 16:32:20,2021-06-11 16:32:20,1691,
247,458,3,2021-06-11 16:33:05,2021-06-11 16:33:05,1691,
248,458,3,2021-06-11 16:41:23,2021-06-11 16:41:23,1691,
249,451,3,2021-06-11 17:23:06,2021-06-11 17:23:50,1691,Technical Designer and Buyer
250,457,3,2021-06-18 08:04:28,2021-06-18 08:04:28,402,
251,466,1,2021-06-21 01:14:40,2021-06-25 18:31:56,,Buyer - Account Manager Chat
252,433,2,2021-06-21 07:12:57,2021-06-21 07:12:57,,General chat
253,454,2,2021-06-23 17:24:30,2021-06-23 17:24:30,,General chat
254,466,2,2021-06-24 08:10:03,2021-06-24 08:10:03,,General chat
255,457,3,2021-06-24 12:33:28,2021-06-24 12:33:28,402,
256,467,1,2021-06-24 20:04:10,2021-06-24 23:15:33,,Buyer - Account mananger chat
257,467,2,2021-06-24 23:04:49,2021-06-24 23:04:49,,General chat
258,468,1,2021-06-27 20:24:52,2021-06-27 20:24:52,,Client chat
259,468,2,2021-06-28 10:31:28,2021-06-28 10:31:28,,General chat
260,469,1,2021-06-28 10:44:45,2021-06-28 10:44:45,,Client chat
261,469,2,2021-06-28 10:44:45,2021-06-28 10:44:45,,General chat
262,470,1,2021-06-28 11:05:40,2021-06-28 11:05:40,,Client chat
263,470,2,2021-06-28 11:05:40,2021-06-28 11:05:40,,General chat
264,436,2,2021-06-28 12:44:25,2021-06-28 12:44:25,,General chat
265,471,1,2021-06-29 02:16:56,2021-06-29 02:16:56,,Client chat
266,472,1,2021-06-29 05:38:14,2021-06-29 05:38:14,,Client chat
267,472,2,2021-06-29 05:38:14,2021-06-29 05:38:14,,General chat
268,434,2,2021-06-29 08:46:06,2021-06-29 08:46:06,,General chat
269,405,2,2021-06-29 09:00:20,2021-06-29 09:00:20,,General chat
270,471,2,2021-06-29 12:48:07,2021-06-29 12:48:07,,General chat
271,466,3,2021-06-29 14:10:00,2021-06-29 14:10:00,1718,
272,473,1,2021-06-29 17:14:27,2021-06-29 17:14:27,,Client chat
273,473,2,2021-06-29 17:14:27,2021-06-29 17:14:27,,General chat
274,474,1,2021-06-29 17:19:53,2021-06-29 17:19:53,,Client chat
275,474,2,2021-06-29 17:19:53,2021-06-29 17:19:53,,General chat
276,475,1,2021-06-30 01:52:40,2021-06-30 01:52:40,,Client chat
277,464,2,2021-06-30 11:21:32,2021-06-30 11:21:32,,General chat
278,443,2,2021-06-30 11:29:19,2021-06-30 11:29:19,,General chat
279,440,2,2021-06-30 11:30:00,2021-06-30 11:30:00,,General chat
280,475,2,2021-06-30 11:34:15,2021-06-30 11:34:15,,General chat
281,476,1,2021-06-30 11:57:03,2021-06-30 11:57:03,,Client chat
282,476,2,2021-06-30 11:57:03,2021-06-30 11:57:03,,General chat
283,477,1,2021-06-30 12:49:18,2021-06-30 13:53:16,,Buyer - Account manager
284,477,2,2021-06-30 13:42:50,2021-06-30 13:42:50,,General chat
285,478,1,2021-06-30 13:54:12,2021-06-30 13:54:12,,Client chat
286,478,2,2021-06-30 13:54:12,2021-06-30 13:54:12,,General chat
287,479,1,2021-06-30 13:55:15,2021-06-30 13:55:15,,Client chat
288,479,2,2021-06-30 13:55:15,2021-06-30 13:55:15,,General chat
289,480,1,2021-06-30 13:55:51,2021-06-30 13:55:51,,Client chat
290,480,2,2021-06-30 13:55:51,2021-06-30 13:55:51,,General chat
291,481,1,2021-06-30 13:56:27,2021-06-30 13:56:27,,Client chat
292,481,2,2021-06-30 13:56:27,2021-06-30 13:56:27,,General chat
293,482,1,2021-06-30 13:57:02,2021-06-30 13:57:02,,Client chat
294,482,2,2021-06-30 13:57:02,2021-06-30 13:57:02,,General chat
295,483,1,2021-06-30 14:06:49,2021-06-30 14:06:49,,Client chat
296,484,1,2021-06-30 14:08:08,2021-06-30 14:08:08,,Client chat
297,484,2,2021-06-30 14:08:08,2021-06-30 14:08:08,,General chat
298,483,2,2021-06-30 14:08:46,2021-06-30 14:08:46,,General chat
299,485,1,2021-06-30 14:09:42,2021-06-30 14:09:42,,Client chat
300,485,2,2021-06-30 14:09:42,2021-06-30 14:09:42,,General chat
301,486,1,2021-06-30 17:21:21,2021-06-30 17:21:21,,Client chat
302,487,1,2021-06-30 17:22:01,2021-06-30 17:22:01,,Client chat
303,488,1,2021-07-01 11:14:52,2021-07-01 11:14:52,,Client chat
304,489,1,2021-07-01 13:31:00,2021-07-01 13:31:00,,Client chat
305,489,2,2021-07-01 13:31:00,2021-07-01 13:31:00,,General chat
306,490,1,2021-07-01 13:31:48,2021-07-01 13:31:48,,Client chat
307,490,2,2021-07-01 13:31:48,2021-07-01 13:31:48,,General chat
308,491,1,2021-07-01 13:32:32,2021-07-01 13:32:32,,Client chat
309,491,2,2021-07-01 13:32:32,2021-07-01 13:32:32,,General chat
310,427,2,2021-07-01 13:37:34,2021-07-01 13:37:34,,General chat
311,488,2,2021-07-02 10:10:50,2021-07-02 10:10:50,,General chat
312,487,2,2021-07-02 11:56:19,2021-07-02 11:56:19,,General chat
313,486,2,2021-07-02 11:57:11,2021-07-02 11:57:11,,General chat
314,492,1,2021-07-04 13:13:04,2021-07-04 13:13:04,,Client chat
315,493,1,2021-07-04 13:21:07,2021-07-04 13:21:07,,Client chat
316,494,1,2021-07-05 15:50:18,2021-07-05 15:50:18,,Buyer - Account Manager Chat
317,494,2,2021-07-05 15:50:18,2021-07-05 15:50:18,,General chat
318,494,3,2021-07-05 15:50:18,2021-07-05 15:50:18,1718,
319,495,1,2021-07-05 15:50:56,2021-07-05 15:50:56,,Buyer - Account Manager Chat
320,495,2,2021-07-05 15:50:56,2021-07-05 15:50:56,,General chat
321,495,3,2021-07-05 15:50:56,2021-07-05 15:50:56,1718,
322,496,1,2021-07-05 15:51:51,2021-07-05 15:51:51,,Buyer - Account Manager Chat
323,496,2,2021-07-05 15:51:51,2021-07-05 15:51:51,,General chat
324,496,3,2021-07-05 15:51:51,2021-07-05 15:51:51,1718,
325,497,1,2021-07-05 15:52:02,2021-07-05 15:52:02,,Buyer - Account Manager Chat
326,497,2,2021-07-05 15:52:02,2021-07-05 15:52:02,,General chat
327,497,3,2021-07-05 15:52:02,2021-07-05 15:52:02,1718,
328,498,1,2021-07-05 15:52:19,2021-07-05 15:52:19,,Buyer - Account Manager Chat
329,498,2,2021-07-05 15:52:19,2021-07-05 15:52:19,,General chat
330,498,3,2021-07-05 15:52:19,2021-07-05 15:52:19,1718,
331,499,1,2021-07-05 15:52:31,2021-07-05 15:52:31,,Buyer - Account Manager Chat
332,499,2,2021-07-05 15:52:31,2021-07-05 15:52:32,,General chat
333,499,3,2021-07-05 15:52:32,2021-07-05 15:52:32,1718,
334,500,1,2021-07-05 15:52:45,2021-07-05 15:52:45,,Buyer - Account Manager Chat
335,500,2,2021-07-05 15:52:45,2021-07-05 15:52:45,,General chat
336,500,3,2021-07-05 15:52:45,2021-07-05 15:52:45,1718,
337,501,1,2021-07-05 15:52:55,2021-07-05 15:52:55,,Buyer - Account Manager Chat
338,501,2,2021-07-05 15:52:55,2021-07-05 15:52:55,,General chat
339,501,3,2021-07-05 15:52:55,2021-07-05 15:52:55,1718,
340,502,1,2021-07-05 15:53:05,2021-07-05 15:53:05,,Buyer - Account Manager Chat
341,502,2,2021-07-05 15:53:05,2021-07-05 15:53:05,,General chat
342,502,3,2021-07-05 15:53:05,2021-07-05 15:53:05,1718,
343,503,1,2021-07-05 15:53:17,2021-07-05 15:53:17,,Buyer - Account Manager Chat
344,503,2,2021-07-05 15:53:17,2021-07-05 15:53:17,,General chat
345,503,3,2021-07-05 15:53:17,2021-07-05 15:53:17,1718,
346,504,1,2021-07-05 15:53:30,2021-07-05 15:53:30,,Buyer - Account Manager Chat
347,504,2,2021-07-05 15:53:30,2021-07-05 15:53:30,,General chat
348,504,3,2021-07-05 15:53:30,2021-07-05 15:53:30,1718,
349,505,1,2021-07-06 14:34:11,2021-07-06 14:34:11,,Client chat
350,505,2,2021-07-06 16:29:27,2021-07-06 16:29:27,,General chat
351,290,2,2021-07-07 12:13:41,2021-07-07 12:13:41,,General chat
352,291,2,2021-07-07 12:14:06,2021-07-07 12:14:06,,General chat
353,506,1,2021-07-08 03:44:31,2021-07-08 03:44:31,,Client chat
354,32,2,2021-07-08 14:19:58,2021-07-08 14:19:58,,General chat
355,506,2,2021-07-12 12:35:23,2021-07-12 12:35:23,,General chat
356,507,1,2021-07-12 13:24:20,2021-07-12 13:24:20,,Buyer - Account Manager Chat
357,507,2,2021-07-12 13:24:20,2021-07-12 13:24:20,,General chat
358,507,3,2021-07-12 13:24:20,2021-07-12 13:24:20,1718,
359,414,2,2021-07-14 10:38:37,2021-07-14 10:38:37,,General chat
360,454,3,2021-07-15 12:23:15,2021-07-15 12:23:15,1691,
361,508,1,2021-07-15 14:14:42,2021-07-15 16:08:57,,Buyer + Account Manager
362,508,2,2021-07-15 14:45:29,2021-07-15 14:45:29,,General chat
363,509,1,2021-07-15 16:21:08,2021-07-15 16:21:08,,Buyer + Account Manager
364,509,2,2021-07-15 16:21:08,2021-07-15 16:21:08,,General chat
365,510,1,2021-07-16 09:30:05,2021-07-16 09:30:05,,Client chat
366,511,1,2021-07-19 17:17:44,2021-07-19 17:17:44,,Client chat
367,512,1,2021-07-20 22:07:00,2021-07-20 22:07:00,,Client chat
368,513,1,2021-07-21 10:54:22,2021-07-21 10:54:22,,Client chat
369,513,2,2021-07-21 10:54:22,2021-07-21 10:54:22,,General chat
370,512,2,2021-07-21 12:08:44,2021-07-21 12:08:44,,General chat
371,514,1,2021-07-22 04:07:54,2021-07-22 04:07:54,,Client chat
372,425,2,2021-07-22 06:17:58,2021-07-22 06:17:58,,General chat
373,423,2,2021-07-22 06:19:46,2021-07-22 06:19:46,,General chat
374,514,2,2021-07-22 11:33:41,2021-07-22 11:33:41,,General chat
375,515,1,2021-07-22 12:04:58,2021-07-22 12:04:58,,Client chat
376,515,2,2021-07-22 12:04:58,2021-07-22 12:04:58,,General chat
377,516,1,2021-07-26 09:06:56,2021-07-26 09:06:56,,Buyer - Account Manager
378,516,2,2021-07-26 10:53:08,2021-07-26 10:53:08,,General Chat Supplier
379,514,3,2021-07-28 07:04:24,2021-07-28 07:04:24,402,
380,516,3,2021-07-28 07:05:09,2021-07-28 07:05:09,402,
381,517,1,2021-07-28 07:50:34,2021-07-28 07:50:34,,Buyer - Account Manager
382,400,2,2021-07-29 09:54:10,2021-07-29 09:54:10,,General Chat Supplier
383,401,2,2021-07-29 09:54:36,2021-07-29 09:54:36,,General Chat Supplier
384,336,2,2021-07-29 15:09:23,2021-07-29 15:09:23,,General Chat Supplier
385,517,2,2021-07-30 05:39:02,2021-07-30 05:39:02,,General Chat Supplier
386,518,1,2021-08-03 06:39:25,2021-08-03 06:39:25,,Client chat
387,518,2,2021-08-03 06:39:25,2021-08-03 06:39:25,,General chat
388,519,1,2021-08-03 06:53:54,2021-08-03 06:53:54,,Client chat
389,519,2,2021-08-03 06:53:54,2021-08-03 06:53:54,,General chat
390,520,1,2021-08-03 06:54:26,2021-08-03 06:54:26,,Client chat
391,520,2,2021-08-03 06:54:26,2021-08-03 06:54:26,,General chat
392,521,1,2021-08-03 23:05:10,2021-08-03 23:05:10,,Buyer - Account Manager
393,521,2,2021-08-03 23:05:17,2021-08-03 23:05:17,,General Chat Supplier
394,522,1,2021-08-03 23:50:23,2021-08-03 23:50:23,,Buyer - Account Manager
395,523,1,2021-08-03 23:51:40,2021-08-03 23:51:40,,Buyer - Account Manager
396,524,1,2021-08-03 23:57:24,2021-08-03 23:57:24,,Buyer - Account Manager
397,525,1,2021-08-04 00:33:34,2021-08-04 00:33:34,,Buyer - Account Manager
398,526,1,2021-08-04 00:37:06,2021-08-04 00:37:06,,Buyer - Account Manager
399,527,1,2021-08-04 01:04:51,2021-08-04 01:04:51,,Buyer - Account Manager
400,528,1,2021-08-04 01:06:20,2021-08-04 01:06:20,,Buyer - Account Manager
401,529,1,2021-08-04 14:30:56,2021-08-04 14:30:56,,Buyer - Account Manager
402,528,2,2021-08-05 08:57:04,2021-08-05 08:57:04,,General Chat Supplier
403,527,2,2021-08-05 09:02:49,2021-08-05 09:02:49,,General Chat Supplier
404,526,2,2021-08-05 09:09:14,2021-08-05 09:09:14,,General Chat Supplier
405,525,2,2021-08-05 09:10:00,2021-08-05 09:10:00,,General Chat Supplier
406,524,2,2021-08-05 09:11:04,2021-08-05 09:11:04,,General Chat Supplier
407,523,2,2021-08-05 09:11:47,2021-08-05 09:11:47,,General Chat Supplier
408,522,2,2021-08-05 09:14:59,2021-08-05 09:14:59,,General Chat Supplier
409,530,1,2021-08-05 10:25:18,2021-08-05 10:25:18,,Client chat
410,531,1,2021-08-05 10:58:51,2021-08-05 10:58:51,,Buyer - Account Manager
411,531,2,2021-08-05 14:21:32,2021-08-05 14:21:32,,General Chat Supplier
412,529,2,2021-08-05 15:04:16,2021-08-05 15:04:16,,General Chat Supplier
413,532,1,2021-08-05 16:55:05,2021-08-05 16:55:05,,Buyer - Account Manager
414,33,2,2021-08-06 09:33:39,2021-08-06 09:33:39,,General Chat Supplier
415,39,2,2021-08-06 09:35:19,2021-08-06 09:35:19,,General Chat Supplier
416,38,2,2021-08-06 09:35:27,2021-08-06 09:35:27,,General Chat Supplier
417,37,2,2021-08-06 09:35:30,2021-08-06 09:35:30,,General Chat Supplier
418,36,2,2021-08-06 09:35:33,2021-08-06 09:35:33,,General Chat Supplier
419,35,2,2021-08-06 09:35:37,2021-08-06 09:35:37,,General Chat Supplier
420,532,2,2021-08-06 14:55:30,2021-08-06 14:55:30,,General Chat Supplier
421,530,2,2021-08-06 17:00:26,2021-08-06 17:00:26,,General Chat Supplier
422,533,1,2021-08-06 17:15:20,2021-08-06 17:15:20,,Client chat
423,533,2,2021-08-06 17:15:20,2021-08-06 17:15:20,,General Chat Supplier
424,534,1,2021-08-09 04:29:33,2021-08-09 04:29:33,,Buyer - Account Manager
425,535,1,2021-08-10 11:37:47,2021-08-10 11:37:47,,Buyer - Account Manager
426,535,2,2021-08-10 11:38:40,2021-08-10 11:38:40,,General Chat Supplier
427,536,1,2021-08-10 12:39:28,2021-08-10 12:39:28,,Buyer - Account Manager
428,536,2,2021-08-10 12:39:28,2021-08-10 12:39:28,,General Chat Supplier
429,537,1,2021-08-10 12:47:47,2021-08-10 12:47:47,,Buyer - Account Manager
430,537,2,2021-08-10 12:47:47,2021-08-10 12:47:47,,General Chat Supplier
431,538,1,2021-08-10 12:49:28,2021-08-10 12:49:28,,Buyer - Account Manager
432,538,2,2021-08-10 12:49:28,2021-08-10 12:49:28,,General Chat Supplier
433,534,2,2021-08-11 07:55:36,2021-08-11 07:55:36,,General Chat Supplier
434,485,3,2021-08-11 08:31:20,2021-08-11 08:31:20,402,
435,336,3,2021-08-11 08:59:43,2021-08-11 08:59:43,402,
436,539,1,2021-08-11 14:58:20,2021-08-11 14:58:20,,Buyer - Account Manager
437,540,1,2021-08-12 19:02:34,2021-08-12 19:02:34,,Buyer - Account Manager
438,541,1,2021-08-12 19:04:07,2021-08-12 19:04:07,,Buyer - Account Manager
439,542,1,2021-08-12 19:05:21,2021-08-12 19:05:21,,Buyer - Account Manager
440,543,1,2021-08-12 19:07:23,2021-08-12 19:07:23,,Buyer - Account Manager
441,544,1,2021-08-15 16:38:31,2021-08-15 16:38:31,,Buyer - Account Manager
442,545,1,2021-08-17 08:35:49,2021-08-17 08:35:49,,Client chat
443,545,2,2021-08-17 08:35:49,2021-08-17 08:35:49,,General chat
444,546,1,2021-08-17 19:27:53,2021-08-17 19:27:53,,Buyer - Account Manager
445,547,1,2021-08-18 09:27:32,2021-08-18 09:27:32,,Buyer - Account Manager
446,541,2,2021-08-18 09:53:34,2021-08-18 09:53:34,,General Chat Supplier
447,542,2,2021-08-18 09:53:48,2021-08-18 09:53:48,,General Chat Supplier
448,547,2,2021-08-18 09:54:25,2021-08-18 09:54:25,,General Chat Supplier
449,440,3,2021-08-18 15:22:25,2021-08-18 15:22:25,1718,
450,434,3,2021-08-18 15:26:13,2021-08-18 15:26:13,1718,
451,546,2,2021-08-18 15:39:19,2021-08-18 15:39:19,,General Chat Supplier
452,544,2,2021-08-18 15:41:35,2021-08-18 15:41:35,,General Chat Supplier
453,548,1,2021-08-19 07:41:08,2021-08-19 07:41:09,,Buyer - Account Manager
454,548,2,2021-08-19 07:41:09,2021-08-19 07:41:09,,General Chat Supplier
455,549,1,2021-08-19 07:42:19,2021-08-19 07:42:19,,Buyer - Account Manager
456,549,2,2021-08-19 07:42:19,2021-08-19 07:42:19,,General Chat Supplier
457,550,1,2021-08-19 11:01:09,2021-08-19 11:01:09,,Buyer - Account Manager
458,550,2,2021-08-19 11:01:09,2021-08-19 11:01:09,,General Chat Supplier
459,551,1,2021-08-19 16:42:42,2021-08-19 16:42:42,,Buyer - Account Manager
460,552,1,2021-08-19 16:43:03,2021-08-19 16:43:03,,Buyer - Account Manager
461,553,1,2021-08-19 16:45:33,2021-08-19 16:45:33,,Buyer - Account Manager
462,554,1,2021-08-23 04:33:48,2021-08-23 04:33:48,,Buyer - Account Manager
463,555,1,2021-08-23 04:42:44,2021-08-23 04:42:44,,Buyer - Account Manager
464,551,2,2021-08-23 14:19:18,2021-08-23 14:19:18,,General Chat Supplier
465,553,2,2021-08-23 14:20:24,2021-08-23 14:20:24,,General Chat Supplier
466,552,2,2021-08-23 14:20:34,2021-08-23 14:20:34,,General Chat Supplier
467,539,2,2021-08-23 15:28:37,2021-08-23 15:28:37,,General Chat Supplier
468,556,1,2021-08-25 00:33:11,2021-08-25 00:33:11,,Buyer - Account Manager
469,557,1,2021-08-25 14:10:55,2021-08-25 14:10:55,,Buyer - Account Manager
470,556,2,2021-08-25 14:16:29,2021-08-25 14:16:29,,General Chat Supplier
471,557,2,2021-08-25 14:26:00,2021-08-25 14:26:00,,General Chat Supplier
472,558,1,2021-08-26 16:08:18,2021-08-26 16:08:18,,Buyer - Account Manager
473,558,2,2021-08-26 16:09:56,2021-08-26 16:09:56,,General Chat Supplier
474,559,1,2021-08-26 16:13:13,2021-08-26 16:13:13,,Client chat
475,559,2,2021-08-26 16:13:13,2021-08-26 16:13:13,,General chat
476,559,3,2021-08-26 16:13:13,2021-08-26 16:13:13,1691,Fabric
477,559,3,2021-08-26 16:13:13,2021-08-26 16:13:13,1691,Design
478,559,3,2021-08-26 16:13:13,2021-08-26 16:13:13,1691,
479,559,3,2021-08-26 16:13:13,2021-08-26 16:13:13,293,
480,559,3,2021-08-26 16:13:13,2021-08-26 16:13:13,402,
481,559,3,2021-08-26 16:13:13,2021-08-26 16:13:13,402,
482,425,3,2021-08-30 05:18:18,2021-08-30 05:18:18,1718,
483,562,1,2021-08-31 13:13:14,2021-08-31 13:13:14,,Buyer - Account Manager
484,563,1,2021-09-01 08:18:55,2021-09-01 08:18:55,,Client chat
485,563,2,2021-09-01 08:18:55,2021-09-01 08:18:55,,General chat
486,563,3,2021-09-01 08:18:55,2021-09-01 08:18:55,1718,
487,558,3,2021-09-02 10:58:56,2021-09-02 10:58:56,402,
488,562,2,2021-09-03 12:19:52,2021-09-03 12:19:52,,General Chat Supplier
489,555,2,2021-09-06 15:12:39,2021-09-06 15:12:39,,General Chat Supplier
490,557,3,2021-09-07 16:53:08,2021-09-07 16:53:08,1718,
491,564,1,2021-09-08 04:28:35,2021-09-08 04:28:35,,Buyer - Account Manager
492,564,2,2021-09-08 04:29:30,2021-09-08 04:29:30,,General Chat Supplier
493,565,1,2021-09-08 10:19:05,2021-09-08 10:19:05,,Buyer - Account Manager
494,565,2,2021-09-08 15:16:24,2021-09-08 15:16:24,,General Chat Supplier
495,512,3,2021-09-08 15:56:54,2021-09-08 15:56:54,402,
496,566,1,2021-09-09 06:07:12,2021-09-09 06:07:12,,Buyer - Account Manager
497,566,2,2021-09-09 11:48:56,2021-09-09 11:48:56,,General Chat Supplier
498,567,1,2021-09-09 17:04:58,2021-09-09 17:04:58,,Buyer - Account Manager
499,567,2,2021-09-10 05:31:01,2021-09-10 05:31:01,,General Chat Supplier
500,568,1,2021-09-14 13:53:39,2021-09-14 13:53:40,,Buyer - Account Manager
501,568,2,2021-09-14 13:53:40,2021-09-14 13:53:40,,General Chat Supplier
502,569,1,2021-09-14 13:53:59,2021-09-14 13:53:59,,Buyer - Account Manager
503,569,2,2021-09-14 13:53:59,2021-09-14 13:53:59,,General Chat Supplier
504,570,1,2021-09-14 13:54:18,2021-09-14 13:54:18,,Buyer - Account Manager
505,570,2,2021-09-14 13:54:18,2021-09-14 13:54:18,,General Chat Supplier
506,571,1,2021-09-14 13:54:32,2021-09-14 13:54:32,,Buyer - Account Manager
507,571,2,2021-09-14 13:54:32,2021-09-14 13:54:32,,General Chat Supplier
508,572,1,2021-09-15 12:13:14,2021-09-15 12:13:14,,Buyer - Account Manager
509,572,2,2021-09-16 18:00:42,2021-09-16 18:00:42,,General Chat Supplier
510,545,3,2021-09-17 14:00:20,2021-09-17 14:00:20,402,
511,573,1,2021-09-20 09:56:14,2021-09-20 09:56:14,,Buyer - Account Manager
512,573,2,2021-09-20 09:56:14,2021-09-20 09:56:14,,General Chat Supplier
513,565,3,2021-09-20 11:13:32,2021-09-20 11:13:32,1718,
514,574,1,2021-09-21 14:22:37,2021-09-21 14:22:37,,Buyer - Account Manager
515,574,2,2021-09-22 07:59:27,2021-09-22 07:59:27,,General Chat Supplier
516,575,1,2021-09-22 12:55:39,2021-09-22 12:55:39,,Buyer - Account Manager
517,566,3,2021-09-23 08:59:01,2021-09-23 08:59:01,402,
518,576,1,2021-09-24 12:04:18,2021-09-24 12:04:18,,Buyer - Account Manager
519,577,1,2021-09-24 12:27:24,2021-09-24 12:27:24,,Buyer - Account Manager
520,578,1,2021-09-24 12:36:24,2021-09-24 12:36:24,,Buyer - Account Manager
521,578,2,2021-09-24 15:33:10,2021-09-24 15:33:10,,General Chat Supplier
522,577,2,2021-09-24 15:34:27,2021-09-24 15:34:27,,General Chat Supplier
523,576,2,2021-09-24 15:35:14,2021-09-24 15:35:14,,General Chat Supplier
524,575,2,2021-09-24 17:32:49,2021-09-24 17:32:49,,General Chat Supplier
525,579,1,2021-09-25 00:29:25,2021-09-25 00:29:25,,Buyer - Account Manager
526,580,1,2021-09-25 00:35:49,2021-09-25 00:35:49,,Buyer - Account Manager
527,581,1,2021-09-26 17:51:41,2021-09-26 17:51:41,,Buyer - Account Manager
528,582,1,2021-09-27 13:14:40,2021-09-27 13:14:40,,Buyer - Account Manager
529,583,1,2021-09-27 13:16:07,2021-09-27 13:16:07,,Buyer - Account Manager
530,581,2,2021-09-27 19:31:00,2021-09-27 19:31:00,,General Chat Supplier
531,181,2,2021-09-29 10:54:56,2021-09-29 10:54:56,,General Chat Supplier
532,584,1,2021-10-04 14:49:59,2021-10-04 14:49:59,,Buyer - Account Manager
533,584,2,2021-10-04 14:50:12,2021-10-04 14:50:12,,General Chat Supplier
534,585,1,2021-10-05 12:56:43,2021-10-05 12:56:43,,Buyer - Account Manager
535,585,2,2021-10-05 15:48:01,2021-10-05 15:48:01,,General Chat Supplier
536,586,1,2021-10-06 14:23:23,2021-10-06 14:23:23,,Buyer - Account Manager
537,587,1,2021-10-06 14:35:25,2021-10-06 14:35:25,,Buyer - Account Manager
538,588,1,2021-10-07 15:42:20,2021-10-07 15:42:20,,Buyer - Account Manager
539,588,2,2021-10-08 14:34:51,2021-10-08 14:34:51,,General Chat Supplier
540,589,1,2021-10-11 10:37:06,2021-10-11 10:37:06,,Buyer - Account Manager
541,589,2,2021-10-11 10:42:58,2021-10-11 10:42:58,,General Chat Supplier
542,514,3,2021-10-12 13:37:09,2021-10-12 13:37:41,402,Spec/Patterns
543,516,3,2021-10-12 13:39:32,2021-10-12 13:39:52,402,Spec/Patterns
544,590,1,2021-10-13 09:26:14,2021-10-13 09:26:14,,Buyer - Account Manager
545,590,2,2021-10-13 13:30:03,2021-10-13 13:30:03,,General Chat Supplier
546,290,3,2021-10-15 08:41:42,2021-10-15 08:41:42,402,
547,290,3,2021-10-15 08:41:43,2021-10-15 08:41:43,402,
548,591,1,2021-10-16 11:52:56,2021-10-16 11:52:56,,Buyer - Account Manager
549,591,2,2021-10-18 05:44:10,2021-10-18 05:44:10,,General Chat Supplier
550,587,2,2021-10-18 11:36:11,2021-10-18 11:36:11,,General Chat Supplier
551,586,2,2021-10-18 11:36:19,2021-10-18 11:36:19,,General Chat Supplier
552,400,3,2021-10-19 13:16:25,2021-10-19 13:16:25,402,
553,400,3,2021-10-19 13:16:25,2021-10-19 13:16:25,402,
554,400,3,2021-10-19 13:16:26,2021-10-19 13:16:26,402,
555,400,3,2021-10-19 13:16:26,2021-10-19 13:16:26,402,
556,581,3,2021-10-19 14:20:49,2021-10-19 14:20:49,1695,
557,581,3,2021-10-19 14:20:49,2021-10-19 14:20:49,1695,
558,592,1,2021-10-23 15:34:20,2021-10-23 15:34:20,,Buyer - Account Manager
559,593,1,2021-10-26 19:09:42,2021-10-26 19:09:42,,Buyer - Account Manager
560,594,1,2021-10-30 00:07:21,2021-10-30 00:07:21,,Buyer - Account Manager
561,594,2,2021-11-01 11:23:43,2021-11-01 11:23:43,,General Chat Supplier
562,592,2,2021-11-01 11:26:07,2021-11-01 11:26:07,,General Chat Supplier
563,595,1,2021-11-04 14:41:38,2021-11-04 14:41:38,,Buyer - Account Manager
564,596,1,2021-11-04 14:56:59,2021-11-04 14:56:59,,Buyer - Account Manager
565,597,1,2021-11-04 14:58:22,2021-11-04 14:58:22,,Buyer - Account Manager
566,598,1,2021-11-04 14:59:33,2021-11-04 14:59:33,,Buyer - Account Manager
567,599,1,2021-11-04 15:01:32,2021-11-04 15:01:32,,Buyer - Account Manager
568,601,1,2021-11-07 12:29:42,2021-11-07 12:29:42,,Buyer - Account Manager
569,601,2,2021-11-08 15:58:18,2021-11-08 15:58:18,,General Chat Supplier
570,596,2,2021-11-08 16:03:57,2021-11-08 16:03:57,,General Chat Supplier
571,600,2,2021-11-08 16:07:17,2021-11-08 16:07:17,,General Chat Supplier
572,597,2,2021-11-08 16:08:00,2021-11-08 16:08:00,,General Chat Supplier
573,598,2,2021-11-08 16:08:34,2021-11-08 16:08:34,,General Chat Supplier
574,599,2,2021-11-08 16:08:53,2021-11-08 16:08:53,,General Chat Supplier
575,602,1,2021-11-10 13:20:08,2021-11-10 13:20:08,,Buyer - Account Manager
576,602,2,2021-11-12 16:36:52,2021-11-12 16:36:52,,General Chat Supplier
577,603,1,2021-11-15 22:09:35,2021-11-15 22:09:35,,Buyer - Account Manager
578,603,2,2021-11-16 16:51:36,2021-11-16 16:51:36,,General Chat Supplier
579,604,1,2021-11-17 01:14:57,2021-11-17 01:14:57,,Buyer - Account Manager
580,604,2,2021-11-17 08:58:34,2021-11-17 08:58:34,,General Chat Supplier
581,605,1,2021-11-23 11:11:18,2021-11-23 11:11:18,,Buyer - Account Manager
582,606,1,2021-11-23 12:57:13,2021-11-23 12:57:13,,Buyer - Account Manager
583,607,1,2021-11-23 12:59:32,2021-11-23 12:59:32,,Buyer - Account Manager
584,608,1,2021-11-23 13:01:04,2021-11-23 13:01:04,,Buyer - Account Manager
585,609,1,2021-11-23 13:02:16,2021-11-23 13:02:16,,Buyer - Account Manager
586,610,1,2021-11-23 13:03:31,2021-11-23 13:03:31,,Buyer - Account Manager
587,611,1,2021-11-23 13:04:41,2021-11-23 13:04:41,,Buyer - Account Manager
588,537,3,2021-11-24 06:31:54,2021-11-24 06:31:54,402,
589,588,3,2021-11-24 16:11:16,2021-11-24 16:11:16,402,
590,606,2,2021-11-24 16:50:41,2021-11-24 16:50:41,,General Chat Supplier
591,611,2,2021-11-26 06:48:54,2021-11-26 06:48:54,,General Chat Supplier
592,610,2,2021-11-26 06:49:01,2021-11-26 06:49:01,,General Chat Supplier
593,609,2,2021-11-26 06:49:24,2021-11-26 06:49:24,,General Chat Supplier
594,608,2,2021-11-26 06:49:45,2021-11-26 06:49:45,,General Chat Supplier
595,607,2,2021-11-26 06:49:54,2021-11-26 06:49:54,,General Chat Supplier
596,612,1,2021-11-30 06:20:08,2021-11-30 06:20:08,,Buyer - Account Manager
597,613,1,2021-11-30 11:26:52,2021-11-30 11:26:52,,Buyer - Account Manager
598,614,1,2021-11-30 11:29:36,2021-11-30 11:29:36,,Buyer - Account Manager
599,615,1,2021-11-30 11:30:49,2021-11-30 11:30:49,,Buyer - Account Manager
600,616,1,2021-11-30 11:33:04,2021-11-30 11:33:04,,Buyer - Account Manager
601,613,2,2021-11-30 14:23:29,2021-11-30 14:23:29,,General Chat Supplier
602,505,3,2021-12-01 12:02:33,2021-12-01 12:03:05,402,Technical discussions
603,612,2,2021-12-02 06:35:31,2021-12-02 06:35:31,,General Chat Supplier
604,601,3,2021-12-02 11:03:37,2021-12-02 11:03:37,402,
605,596,3,2021-12-03 05:33:17,2021-12-03 05:33:17,402,
606,617,1,2021-12-03 09:08:59,2021-12-03 09:08:59,,Buyer - Account Manager
607,617,2,2021-12-03 19:19:49,2021-12-03 19:19:49,,General Chat Supplier
608,451,3,2021-12-06 14:56:09,2021-12-06 14:56:09,402,
609,612,3,2021-12-10 15:08:39,2021-12-10 15:08:39,402,
610,578,3,2021-12-10 15:34:23,2021-12-10 15:34:23,402,
611,599,3,2021-12-13 05:01:13,2021-12-13 05:01:13,402,
612,598,3,2021-12-13 05:02:35,2021-12-13 05:02:35,402,
613,597,3,2021-12-13 05:03:29,2021-12-13 05:03:29,402,
614,618,1,2021-12-13 14:58:14,2021-12-13 14:58:14,,Buyer - Account Manager
615,618,2,2021-12-14 13:47:16,2021-12-14 13:47:16,,General Chat Supplier
616,619,1,2021-12-17 04:56:47,2021-12-17 04:56:47,,Buyer - Account Manager
617,619,2,2021-12-17 11:10:46,2021-12-17 11:10:46,,General Chat Supplier
618,620,1,2021-12-20 20:47:56,2021-12-20 20:47:56,,Buyer - Account Manager
619,621,1,2021-12-22 00:35:35,2021-12-22 00:35:35,,Buyer - Account Manager
620,621,2,2021-12-23 02:58:53,2021-12-23 02:58:53,,General Chat Supplier
621,622,1,2021-12-27 01:47:55,2021-12-27 01:47:55,,Buyer - Account Manager
622,622,2,2021-12-28 17:28:23,2021-12-28 17:28:23,,General Chat Supplier
623,620,2,2021-12-28 17:47:40,2021-12-28 17:47:40,,General Chat Supplier
624,613,3,2022-01-05 08:54:52,2022-01-05 08:54:52,402,
625,616,2,2022-01-05 10:22:27,2022-01-05 10:22:27,,General Chat Supplier
626,623,1,2022-01-05 10:25:32,2022-01-05 10:25:32,,Buyer - Account Manager
627,624,1,2022-01-05 10:26:34,2022-01-05 10:26:34,,Buyer - Account Manager
628,623,2,2022-01-05 10:26:35,2022-01-05 10:26:35,,General Chat Supplier
629,625,1,2022-01-05 10:26:37,2022-01-05 10:26:37,,Buyer - Account Manager
630,625,2,2022-01-05 10:26:37,2022-01-05 10:26:37,,General Chat Supplier
631,626,1,2022-01-05 10:26:43,2022-01-05 10:26:43,,Buyer - Account Manager
632,626,2,2022-01-05 10:26:43,2022-01-05 10:26:43,,General Chat Supplier
633,627,1,2022-01-05 10:26:46,2022-01-05 10:26:46,,Buyer - Account Manager
634,627,2,2022-01-05 10:26:46,2022-01-05 10:26:46,,General Chat Supplier
635,628,1,2022-01-05 10:28:01,2022-01-05 10:28:01,,Buyer - Account Manager
636,628,2,2022-01-05 10:28:01,2022-01-05 10:28:01,,General Chat Supplier
637,624,2,2022-01-06 05:33:52,2022-01-06 05:33:52,,General Chat Supplier
638,629,1,2022-01-10 12:38:25,2022-01-10 12:38:25,,Buyer - Account Manager
639,630,1,2022-01-11 13:45:05,2022-01-11 13:45:05,,Buyer - Account Manager
640,629,2,2022-01-11 14:26:45,2022-01-11 14:26:45,,General Chat Supplier
641,631,1,2022-01-12 12:09:23,2022-01-12 12:09:23,,Buyer - Account Manager
642,631,2,2022-01-12 23:24:55,2022-01-12 23:24:55,,General Chat Supplier
643,632,1,2022-01-14 14:53:16,2022-01-14 14:53:16,,Buyer - Account Manager
644,632,2,2022-01-17 11:58:34,2022-01-17 11:58:34,,General Chat Supplier
645,630,2,2022-01-17 12:12:33,2022-01-17 12:12:33,,General Chat Supplier
646,632,3,2022-01-20 16:11:42,2022-01-20 16:11:42,402,
647,619,3,2022-01-21 07:51:37,2022-01-21 07:51:37,402,
648,594,3,2022-01-21 16:01:33,2022-01-21 16:02:37,402,Chat - Buyer & Manufacturer
649,633,1,2022-01-25 15:35:44,2022-01-25 15:35:44,,Buyer - Account Manager
650,634,1,2022-01-25 15:42:11,2022-01-25 15:42:11,,Buyer - Account Manager
651,634,2,2022-01-27 05:45:54,2022-01-27 05:45:54,,General Chat Supplier
652,633,2,2022-01-27 05:46:06,2022-01-27 05:46:06,,General Chat Supplier
653,541,3,2022-01-27 17:29:00,2022-01-27 17:29:53,402,Chat with Shipping team
654,635,1,2022-01-28 15:15:54,2022-01-28 15:15:54,,Buyer - Account Manager
655,635,2,2022-01-28 17:56:46,2022-01-28 17:56:46,,General Chat Supplier
656,620,3,2022-02-01 17:58:16,2022-02-02 16:31:08,402,Pattern Making
657,517,3,2022-02-02 08:49:02,2022-02-02 08:49:02,402,
658,636,1,2022-02-02 21:19:48,2022-02-02 21:19:48,,Buyer - Account Manager
659,636,2,2022-02-03 14:13:09,2022-02-03 14:13:09,,General Chat Supplier
660,636,3,2022-02-03 14:18:57,2022-02-03 14:18:57,402,
661,566,3,2022-02-03 18:03:26,2022-02-03 18:04:26,402,Chat with Shipping agent
662,537,3,2022-02-03 18:13:16,2022-02-03 18:13:47,402,Chat with Shipping Agent
663,637,1,2022-02-04 14:50:27,2022-02-04 14:50:27,,Buyer - Account Manager
664,637,2,2022-02-04 16:28:08,2022-02-04 16:28:08,,General Chat Supplier
665,637,3,2022-02-04 16:53:58,2022-02-04 16:53:58,402,
666,638,1,2022-02-07 12:26:14,2022-02-07 12:26:14,,Buyer - Account Manager
667,639,1,2022-02-07 12:27:40,2022-02-07 12:27:40,,Buyer - Account Manager
668,632,3,2022-02-07 14:00:54,2022-02-07 14:02:56,402,Chat with garment manufacturer
669,632,3,2022-02-07 14:00:55,2022-02-07 14:00:55,402,
670,640,1,2022-02-07 16:37:42,2022-02-07 16:37:42,,Buyer - Account Manager
671,640,2,2022-02-07 17:34:13,2022-02-07 17:34:13,,General Chat Supplier
672,641,1,2022-02-08 17:47:14,2022-02-08 17:47:14,,Buyer - Account Manager
673,596,3,2022-02-09 08:23:07,2022-02-09 08:23:39,402,Chat with Shipping Agent
674,632,3,2022-02-09 08:32:17,2022-02-09 08:32:35,402,Chat with Shipping Agent
675,638,2,2022-02-09 15:40:24,2022-02-09 15:40:24,,General Chat Supplier
676,639,2,2022-02-09 15:40:53,2022-02-09 15:40:53,,General Chat Supplier
677,642,1,2022-02-10 09:40:13,2022-02-10 09:40:13,,Buyer - Account Manager
678,642,2,2022-02-10 10:20:59,2022-02-10 10:20:59,,General Chat Supplier
679,458,3,2022-02-12 11:24:57,2022-02-12 11:24:57,402,
680,458,3,2022-02-12 11:24:57,2022-02-12 11:24:57,402,
681,458,3,2022-02-12 11:28:39,2022-02-12 11:28:39,402,
682,458,3,2022-02-12 11:28:39,2022-02-12 11:28:39,402,
683,458,3,2022-02-12 11:28:39,2022-02-12 11:28:39,402,
684,643,1,2022-02-14 00:17:23,2022-02-14 00:17:23,,Buyer - Account Manager
685,644,1,2022-02-16 20:50:31,2022-02-16 20:50:31,,Buyer - Account Manager
686,645,1,2022-02-17 06:02:15,2022-02-17 06:02:15,,Buyer - Account Manager
687,646,1,2022-02-17 06:06:10,2022-02-17 06:06:10,,Buyer - Account Manager
688,647,1,2022-02-17 06:07:16,2022-02-17 06:07:16,,Buyer - Account Manager
689,648,1,2022-02-17 06:10:06,2022-02-17 06:10:06,,Buyer - Account Manager
690,644,2,2022-02-18 14:31:10,2022-02-18 14:31:10,,General Chat Supplier
691,649,1,2022-02-19 11:25:03,2022-02-19 11:25:03,,Buyer - Account Manager
692,650,1,2022-02-19 20:51:13,2022-02-19 20:51:13,,Buyer - Account Manager
693,651,1,2022-02-19 20:57:30,2022-02-19 20:57:30,,Buyer - Account Manager
694,652,1,2022-02-19 21:06:12,2022-02-19 21:06:12,,Buyer - Account Manager
695,653,1,2022-02-20 08:11:50,2022-02-20 08:11:50,,Buyer - Account Manager
696,654,1,2022-02-20 08:16:18,2022-02-20 08:16:18,,Buyer - Account Manager
697,649,2,2022-02-20 16:48:11,2022-02-20 16:48:11,,General Chat Supplier
698,604,3,2022-02-21 09:10:53,2022-02-21 09:10:53,402,
699,433,3,2022-02-21 11:06:59,2022-02-21 11:06:59,402,
700,632,3,2022-02-21 11:25:51,2022-02-21 11:25:51,402,
701,541,3,2022-02-21 17:09:27,2022-02-21 17:09:27,402,
702,619,3,2022-02-22 14:03:21,2022-02-22 14:03:21,402,
703,619,3,2022-02-22 14:03:21,2022-02-22 14:03:21,402,
704,619,3,2022-02-22 14:03:22,2022-02-22 14:03:22,402,
705,517,3,2022-02-22 14:39:30,2022-02-22 14:39:30,402,
706,641,2,2022-02-25 17:54:25,2022-02-25 17:54:25,,General Chat Supplier
707,655,1,2022-02-25 18:26:08,2022-02-25 18:26:08,,Buyer - Account Manager
708,655,2,2022-02-25 18:26:40,2022-02-25 18:26:40,,General Chat Supplier
709,635,3,2022-02-25 18:27:29,2022-02-25 18:27:29,402,
710,656,1,2022-02-25 21:32:00,2022-02-25 21:32:00,,Buyer - Account Manager
711,657,1,2022-02-25 21:36:50,2022-02-25 21:36:50,,Buyer - Account Manager
712,658,1,2022-02-25 21:41:29,2022-02-25 21:41:29,,Buyer - Account Manager
713,659,1,2022-02-28 01:35:38,2022-02-28 01:35:38,,Buyer - Account Manager
714,656,2,2022-02-28 19:18:53,2022-02-28 19:18:53,,General Chat Supplier
715,594,3,2022-03-02 03:28:02,2022-03-02 03:28:02,402,
716,660,1,2022-03-02 17:03:39,2022-03-02 17:03:39,,Buyer - Account Manager
717,661,1,2022-03-03 13:54:06,2022-03-03 13:54:06,,Buyer - Account Manager
718,660,2,2022-03-04 18:07:25,2022-03-04 18:07:25,,General Chat Supplier
719,662,1,2022-03-05 09:44:46,2022-03-05 09:44:46,,Buyer - Account Manager
720,663,1,2022-03-05 16:11:20,2022-03-05 16:11:20,,Buyer - Account Manager
721,664,1,2022-03-06 01:29:20,2022-03-06 01:29:20,,Buyer - Account Manager
722,661,2,2022-03-07 08:22:06,2022-03-07 08:22:06,,General Chat Supplier
723,665,1,2022-03-08 11:55:06,2022-03-08 11:55:06,,Buyer - Account Manager
724,665,2,2022-03-08 12:42:46,2022-03-08 12:42:46,,General Chat Supplier
725,666,1,2022-03-11 20:26:52,2022-03-11 20:26:52,,Buyer - Account Manager
726,666,2,2022-03-14 09:30:09,2022-03-14 09:30:09,,General Chat Supplier
727,667,1,2022-03-14 12:02:16,2022-03-14 12:02:16,,Buyer - Account Manager
728,667,2,2022-03-14 15:26:02,2022-03-14 15:26:02,,General Chat Supplier
729,668,1,2022-03-14 19:04:56,2022-03-14 19:04:56,,Buyer - Account Manager
730,669,1,2022-03-14 19:06:34,2022-03-14 19:06:34,,Buyer - Account Manager
731,670,1,2022-03-15 15:18:21,2022-03-15 15:18:21,,Buyer - Account Manager
732,670,2,2022-03-15 15:51:09,2022-03-15 15:51:09,,General Chat Supplier
733,671,1,2022-03-16 04:03:35,2022-03-16 04:03:35,,Buyer - Account Manager
734,644,3,2022-03-16 07:04:52,2022-03-16 07:04:52,402,
735,672,1,2022-03-16 12:26:21,2022-03-16 12:26:21,,Buyer - Account Manager
736,672,2,2022-03-16 18:36:35,2022-03-16 18:36:35,,General Chat Supplier
737,644,3,2022-03-17 08:17:22,2022-03-17 08:17:22,402,
738,673,1,2022-03-18 09:30:41,2022-03-18 09:30:41,,Buyer - Account Manager
739,674,1,2022-03-19 09:03:16,2022-03-19 09:03:16,,Buyer - Account Manager
740,673,2,2022-03-19 11:00:53,2022-03-19 11:00:53,,General Chat Supplier
741,566,3,2022-03-21 17:01:32,2022-03-21 17:01:32,402,
742,675,1,2022-03-21 21:20:42,2022-03-21 21:20:42,,Buyer - Account Manager
743,633,3,2022-03-22 14:37:29,2022-03-22 14:37:29,402,
744,676,1,2022-03-22 17:24:40,2022-03-22 17:24:40,,Buyer - Account Manager
745,677,1,2022-03-22 17:26:18,2022-03-22 17:26:18,,Buyer - Account Manager
746,678,1,2022-03-22 17:51:18,2022-03-22 17:51:18,,Buyer - Account Manager
747,679,1,2022-03-22 18:21:54,2022-03-22 18:21:54,,Buyer - Account Manager
748,680,1,2022-03-22 18:46:29,2022-03-22 18:46:29,,Buyer - Account Manager
749,681,1,2022-03-22 18:47:23,2022-03-22 18:47:23,,Buyer - Account Manager
750,682,1,2022-03-22 18:49:15,2022-03-22 18:49:15,,Buyer - Account Manager
751,683,1,2022-03-22 18:59:11,2022-03-22 18:59:11,,Buyer - Account Manager
752,684,1,2022-03-22 19:00:06,2022-03-22 19:00:06,,Buyer - Account Manager
753,685,1,2022-03-23 08:28:34,2022-03-23 08:28:34,,Buyer - Account Manager
754,686,1,2022-03-23 10:40:48,2022-03-23 10:40:48,,Buyer - Account Manager
755,687,1,2022-03-23 12:39:24,2022-03-23 12:39:24,,Buyer - Account Manager
756,688,1,2022-03-23 12:59:17,2022-03-23 12:59:17,,Buyer - Account Manager
757,505,3,2022-03-24 03:33:57,2022-03-24 03:33:57,402,
758,675,2,2022-03-25 16:47:11,2022-03-25 16:47:11,,General Chat Supplier
759,576,3,2022-03-25 17:14:02,2022-03-25 17:14:02,402,
760,689,1,2022-04-05 19:02:58,2022-04-05 19:02:58,,Buyer - Account Manager
761,690,1,2022-04-08 15:37:05,2022-04-08 15:37:05,,Buyer - Account Manager
762,691,1,2022-04-09 17:47:04,2022-04-09 17:47:04,,Buyer - Account Manager
763,692,1,2022-04-09 17:47:58,2022-04-09 17:47:58,,Buyer - Account Manager
764,672,3,2022-04-11 15:52:32,2022-04-11 15:52:32,402,
765,693,1,2022-04-12 09:26:43,2022-04-12 09:26:43,,Buyer - Account Manager
766,694,1,2022-04-12 09:30:33,2022-04-12 09:30:33,,Buyer - Account Manager
767,693,2,2022-04-12 15:24:57,2022-04-12 15:24:57,,General Chat Supplier
768,694,2,2022-04-12 16:29:25,2022-04-12 16:29:25,,General Chat Supplier
769,695,1,2022-04-20 10:56:55,2022-04-20 10:56:55,,Buyer - Account Manager
770,640,3,2022-04-20 15:00:40,2022-04-20 15:00:40,402,
771,695,2,2022-04-20 15:56:34,2022-04-20 15:56:34,,General Chat Supplier
772,670,3,2022-04-21 08:38:02,2022-04-21 08:38:02,402,
773,644,3,2022-04-21 08:51:13,2022-04-21 08:51:13,402,
774,696,1,2022-04-21 10:12:48,2022-04-21 10:12:48,,Buyer - Account Manager
775,697,1,2022-04-21 10:21:29,2022-04-21 10:21:29,,Buyer - Account Manager
776,698,1,2022-04-21 10:26:58,2022-04-21 10:26:58,,Buyer - Account Manager
777,699,1,2022-04-21 10:28:12,2022-04-21 10:28:12,,Buyer - Account Manager
778,700,1,2022-04-21 11:24:13,2022-04-21 11:24:13,,Buyer - Account Manager
779,701,1,2022-04-24 14:07:04,2022-04-24 14:07:04,,Buyer - Account Manager
780,701,2,2022-04-25 19:49:51,2022-04-25 19:49:51,,General Chat Supplier
781,702,1,2022-04-26 16:40:29,2022-04-26 16:40:29,,Buyer - Account Manager
782,702,2,2022-04-26 18:39:51,2022-04-26 18:39:51,,General Chat Supplier
783,696,2,2022-04-26 19:06:00,2022-04-26 19:06:00,,General Chat Supplier
784,697,2,2022-04-26 19:26:55,2022-04-26 19:26:55,,General Chat Supplier
785,698,2,2022-04-26 19:34:27,2022-04-26 19:34:27,,General Chat Supplier
786,699,2,2022-04-26 19:40:37,2022-04-26 19:40:37,,General Chat Supplier
787,693,3,2022-04-28 10:43:15,2022-05-05 20:14:54,402,"Commom Chat - Buyer, Manufacturer, Tehnical designer"
788,670,3,2022-05-03 06:48:29,2022-05-03 06:48:29,402,
789,670,3,2022-05-03 06:52:33,2022-05-03 06:52:33,402,
790,703,1,2022-05-04 05:37:09,2022-05-04 05:37:09,,Buyer - Account Manager
791,704,1,2022-05-04 14:05:50,2022-05-04 14:05:50,,Buyer - Account Manager
792,696,3,2022-05-04 15:49:01,2022-05-04 15:49:01,402,
793,699,3,2022-05-04 15:55:49,2022-05-04 15:55:49,402,
794,698,3,2022-05-04 15:56:40,2022-05-04 15:56:40,402,
795,697,3,2022-05-04 15:57:28,2022-05-04 15:57:28,402,
796,696,3,2022-05-04 18:50:34,2022-05-04 18:50:34,402,
797,697,3,2022-05-04 18:54:18,2022-05-04 18:54:18,402,
798,698,3,2022-05-04 18:55:27,2022-05-04 18:55:27,402,
799,699,3,2022-05-04 18:56:40,2022-05-04 18:56:40,402,
800,705,1,2022-05-05 18:40:30,2022-05-05 18:40:30,,Buyer - Account Manager
801,704,2,2022-05-05 19:39:52,2022-05-05 19:39:52,,General Chat Supplier
802,693,3,2022-05-05 20:03:22,2022-07-15 11:07:41,402,Supplier - Desinger Chat
803,705,2,2022-05-06 18:44:30,2022-05-06 18:44:30,,General Chat Supplier
804,704,3,2022-05-06 19:12:58,2022-05-06 19:12:58,402,
805,706,1,2022-05-08 01:29:24,2022-05-08 01:29:24,,Buyer - Account Manager
806,702,3,2022-05-09 17:25:26,2022-05-09 17:26:46,402,Chat for Tech Pack Desig
807,706,2,2022-05-10 10:42:01,2022-05-10 10:42:01,,General Chat Supplier
808,505,3,2022-05-11 10:09:10,2022-07-28 19:48:33,402,Chat with the Manufacturer
809,707,1,2022-05-11 13:41:24,2022-05-11 13:41:24,,Buyer - Account Manager
810,708,1,2022-05-11 13:58:02,2022-05-11 13:58:02,,Buyer - Account Manager
811,623,3,2022-05-11 20:03:57,2022-05-11 20:03:57,402,
812,708,2,2022-05-12 16:55:37,2022-05-12 16:55:37,,General Chat Supplier
813,707,2,2022-05-12 17:29:25,2022-05-12 17:29:25,,General Chat Supplier
814,709,1,2022-05-13 11:37:44,2022-05-13 11:37:44,,Buyer - Account Manager
815,710,1,2022-05-13 11:39:46,2022-05-13 11:39:46,,Buyer - Account Manager
816,710,2,2022-05-17 05:45:17,2022-05-17 05:45:17,,General Chat Supplier
817,711,1,2022-05-18 16:13:08,2022-05-18 16:13:08,,Buyer - Account Manager
818,711,2,2022-05-18 16:16:45,2022-05-18 16:16:45,,General Chat Supplier
819,712,1,2022-05-19 10:34:51,2022-05-19 10:34:51,,Buyer - Account Manager
820,713,1,2022-05-19 10:45:38,2022-05-19 10:45:38,,Buyer - Account Manager
821,714,1,2022-05-19 10:49:14,2022-05-19 10:49:14,,Buyer - Account Manager
822,715,1,2022-05-19 10:51:34,2022-05-19 10:51:34,,Buyer - Account Manager
823,716,1,2022-05-19 10:52:02,2022-05-19 10:52:02,,Buyer - Account Manager
824,717,1,2022-05-19 10:53:50,2022-05-19 10:53:50,,Buyer - Account Manager
825,718,1,2022-05-19 10:55:43,2022-05-19 10:55:43,,Buyer - Account Manager
826,712,2,2022-05-19 15:40:52,2022-05-19 15:40:52,,General Chat Supplier
827,34,2,2022-05-23 04:01:39,2022-05-23 04:01:39,,General Chat Supplier
828,692,2,2022-05-23 06:48:42,2022-05-23 06:48:42,,General Chat Supplier
829,691,2,2022-05-23 06:49:18,2022-05-23 06:49:18,,General Chat Supplier
830,690,2,2022-05-23 06:50:43,2022-05-23 06:50:43,,General Chat Supplier
831,689,2,2022-05-23 06:51:37,2022-05-23 06:51:37,,General Chat Supplier
832,671,2,2022-05-23 06:53:01,2022-05-23 06:53:01,,General Chat Supplier
833,669,2,2022-05-23 06:54:54,2022-05-23 06:54:54,,General Chat Supplier
834,668,2,2022-05-23 06:55:18,2022-05-23 06:55:18,,General Chat Supplier
835,663,2,2022-05-23 06:55:41,2022-05-23 06:55:41,,General Chat Supplier
836,664,2,2022-05-23 06:59:25,2022-05-23 06:59:25,,General Chat Supplier
837,658,2,2022-05-23 07:00:17,2022-05-23 07:00:17,,General Chat Supplier
838,657,2,2022-05-23 07:00:45,2022-05-23 07:00:45,,General Chat Supplier
839,322,2,2022-05-23 07:01:03,2022-05-23 07:01:03,,General Chat Supplier
840,650,2,2022-05-23 07:03:13,2022-05-23 07:03:13,,General Chat Supplier
841,654,2,2022-05-23 07:03:42,2022-05-23 07:03:42,,General Chat Supplier
842,653,2,2022-05-23 07:03:58,2022-05-23 07:03:58,,General Chat Supplier
843,652,2,2022-05-23 07:04:38,2022-05-23 07:04:38,,General Chat Supplier
844,651,2,2022-05-23 07:05:01,2022-05-23 07:05:01,,General Chat Supplier
845,615,2,2022-05-23 07:15:15,2022-05-23 07:15:15,,General Chat Supplier
846,614,2,2022-05-23 07:15:33,2022-05-23 07:15:33,,General Chat Supplier
847,719,1,2022-05-23 10:49:56,2022-05-23 10:49:56,,Buyer - Account Manager
848,605,2,2022-05-23 12:44:35,2022-05-23 12:44:35,,General Chat Supplier
849,579,2,2022-05-23 12:59:36,2022-05-23 12:59:36,,General Chat Supplier
850,543,2,2022-05-23 13:26:14,2022-05-23 13:26:14,,General Chat Supplier
851,510,2,2022-05-23 13:39:55,2022-05-23 13:39:55,,General Chat Supplier
852,540,2,2022-05-23 13:42:30,2022-05-23 13:42:30,,General Chat Supplier
853,465,2,2022-05-23 13:52:29,2022-05-23 13:52:29,,General Chat Supplier
854,720,1,2022-05-23 14:29:44,2022-05-23 14:29:44,,Buyer - Account Manager
855,721,1,2022-05-23 14:33:28,2022-05-23 14:33:28,,Buyer - Account Manager
856,722,1,2022-05-23 14:35:11,2022-05-23 14:35:11,,Buyer - Account Manager
857,723,1,2022-05-23 14:36:16,2022-05-23 14:36:16,,Buyer - Account Manager
858,724,1,2022-05-23 14:40:20,2022-05-23 14:40:20,,Buyer - Account Manager
859,725,1,2022-05-23 14:49:15,2022-05-23 14:49:15,,Buyer - Account Manager
860,726,1,2022-05-23 14:50:28,2022-05-23 14:50:28,,Buyer - Account Manager
861,727,1,2022-05-23 14:55:56,2022-05-23 14:55:56,,Buyer - Account Manager
862,728,1,2022-05-23 14:57:16,2022-05-23 14:57:16,,Buyer - Account Manager
863,729,1,2022-05-23 15:38:49,2022-05-23 15:38:49,,Buyer - Account Manager
864,730,1,2022-05-23 15:54:53,2022-05-23 15:54:53,,Buyer - Account Manager
865,452,2,2022-05-23 16:00:32,2022-05-23 16:00:32,,General Chat Supplier
866,453,2,2022-05-23 16:02:59,2022-05-23 16:02:59,,General Chat Supplier
867,731,1,2022-05-23 16:15:37,2022-05-23 16:15:37,,Buyer - Account Manager
868,732,1,2022-05-23 17:20:55,2022-05-23 17:20:55,,Buyer - Account Manager
869,339,2,2022-05-23 18:58:29,2022-05-23 18:58:29,,General Chat Supplier
870,338,2,2022-05-23 18:58:52,2022-05-23 18:58:52,,General Chat Supplier
871,337,2,2022-05-23 18:59:24,2022-05-23 18:59:24,,General Chat Supplier
872,188,2,2022-05-24 05:33:06,2022-05-24 05:33:06,,General Chat Supplier
873,300,2,2022-05-24 05:33:42,2022-05-24 05:33:42,,General Chat Supplier
874,398,2,2022-05-24 06:01:58,2022-05-24 06:01:58,,General Chat Supplier
875,731,2,2022-05-24 10:29:17,2022-05-24 10:29:17,,General Chat Supplier
876,462,2,2022-05-25 09:01:40,2022-05-25 09:01:40,,General Chat Supplier
877,719,2,2022-05-25 13:39:45,2022-05-25 13:39:45,,General Chat Supplier
878,730,2,2022-05-25 14:04:12,2022-05-25 14:04:12,,General Chat Supplier
879,733,1,2022-05-26 14:34:04,2022-05-26 14:34:04,,Buyer - Account Manager
880,734,1,2022-05-26 14:39:11,2022-05-26 14:39:11,,Buyer - Account Manager
881,733,2,2022-05-26 15:15:15,2022-05-26 15:15:15,,General Chat Supplier
882,734,2,2022-05-26 15:18:07,2022-05-26 15:18:07,,General Chat Supplier
883,438,2,2022-05-27 15:20:43,2022-05-27 15:20:43,,General Chat Supplier
884,437,2,2022-05-27 15:21:12,2022-05-27 15:21:12,,General Chat Supplier
885,100,2,2022-05-27 15:22:06,2022-05-27 15:22:06,,General Chat Supplier
886,435,2,2022-05-27 15:34:27,2022-05-27 15:34:27,,General Chat Supplier
887,428,2,2022-05-27 15:35:30,2022-05-27 15:35:30,,General Chat Supplier
888,426,2,2022-05-27 15:36:04,2022-05-27 15:36:04,,General Chat Supplier
889,424,2,2022-05-27 15:38:23,2022-05-27 15:38:23,,General Chat Supplier
890,371,2,2022-05-27 15:42:23,2022-05-27 15:42:23,,General Chat Supplier
891,388,2,2022-05-27 15:42:51,2022-05-27 15:42:51,,General Chat Supplier
892,376,2,2022-05-27 15:43:33,2022-05-27 15:43:33,,General Chat Supplier
893,372,2,2022-05-27 15:43:50,2022-05-27 15:43:50,,General Chat Supplier
894,192,2,2022-05-27 15:44:12,2022-05-27 15:44:12,,General Chat Supplier
895,420,2,2022-05-27 15:46:15,2022-05-27 15:46:15,,General Chat Supplier
896,419,2,2022-05-27 15:46:33,2022-05-27 15:46:33,,General Chat Supplier
897,418,2,2022-05-27 15:48:02,2022-05-27 15:48:02,,General Chat Supplier
898,417,2,2022-05-27 15:48:57,2022-05-27 15:48:57,,General Chat Supplier
899,408,2,2022-05-27 15:49:55,2022-05-27 15:49:55,,General Chat Supplier
900,407,2,2022-05-27 15:50:21,2022-05-27 15:50:21,,General Chat Supplier
901,735,1,2022-05-30 15:31:52,2022-05-30 15:31:52,,Buyer - Account Manager
902,735,2,2022-05-30 15:41:54,2022-05-30 15:41:54,,General Chat Supplier
903,312,2,2022-05-31 05:20:25,2022-05-31 05:20:25,,General Chat Supplier
904,149,2,2022-05-31 05:20:25,2022-05-31 05:20:25,,General Chat Supplier
905,736,1,2022-05-31 11:52:22,2022-07-29 15:10:03,,MAIN CHAT
906,737,1,2022-05-31 11:55:36,2022-05-31 11:55:36,,Buyer - Account Manager
907,738,1,2022-05-31 11:57:15,2022-05-31 11:57:15,,Buyer - Account Manager
908,739,1,2022-05-31 13:06:13,2022-05-31 13:06:13,,Buyer - Account Manager
909,740,1,2022-05-31 13:13:44,2022-05-31 13:13:44,,Buyer - Account Manager
910,741,1,2022-05-31 13:19:16,2022-05-31 13:19:16,,Buyer - Account Manager
911,742,1,2022-05-31 13:21:35,2022-05-31 13:21:35,,Buyer - Account Manager
912,736,2,2022-05-31 13:33:50,2022-05-31 13:33:50,,General Chat Supplier
913,743,1,2022-05-31 17:13:04,2022-05-31 17:13:04,,Buyer - Account Manager
914,743,2,2022-06-01 11:44:59,2022-06-01 11:44:59,,General Chat Supplier
915,442,2,2022-06-01 17:02:26,2022-06-01 17:02:26,,General Chat Supplier
916,441,2,2022-06-01 17:02:59,2022-06-01 17:02:59,,General Chat Supplier
917,461,2,2022-06-01 18:59:04,2022-06-01 18:59:04,,General Chat Supplier
918,439,2,2022-06-01 19:39:09,2022-06-01 19:39:09,,General Chat Supplier
919,429,2,2022-06-01 19:39:45,2022-06-01 19:39:45,,General Chat Supplier
920,422,2,2022-06-01 19:40:18,2022-06-01 19:40:18,,General Chat Supplier
921,460,2,2022-06-01 19:40:53,2022-06-01 19:40:53,,General Chat Supplier
922,421,2,2022-06-01 19:41:27,2022-06-01 19:41:27,,General Chat Supplier
923,406,2,2022-06-01 19:42:06,2022-06-01 19:42:06,,General Chat Supplier
924,404,2,2022-06-01 19:42:51,2022-06-01 19:42:51,,General Chat Supplier
925,403,2,2022-06-01 19:43:26,2022-06-01 19:43:26,,General Chat Supplier
926,399,2,2022-06-01 19:44:22,2022-06-01 19:44:22,,General Chat Supplier
927,397,2,2022-06-01 19:45:02,2022-06-01 19:45:02,,General Chat Supplier
928,396,2,2022-06-01 19:45:35,2022-06-01 19:45:35,,General Chat Supplier
929,395,2,2022-06-01 19:46:13,2022-06-01 19:46:13,,General Chat Supplier
930,392,2,2022-06-01 19:47:05,2022-06-01 19:47:05,,General Chat Supplier
931,391,2,2022-06-01 19:47:56,2022-06-01 19:47:56,,General Chat Supplier
932,390,2,2022-06-01 19:48:31,2022-06-01 19:48:31,,General Chat Supplier
933,389,2,2022-06-01 19:49:12,2022-06-01 19:49:12,,General Chat Supplier
934,387,2,2022-06-01 19:49:49,2022-06-01 19:49:49,,General Chat Supplier
935,382,2,2022-06-01 19:50:26,2022-06-01 19:50:26,,General Chat Supplier
936,381,2,2022-06-01 19:51:06,2022-06-01 19:51:06,,General Chat Supplier
937,380,2,2022-06-01 19:51:54,2022-06-01 19:51:54,,General Chat Supplier
938,379,2,2022-06-01 19:52:37,2022-06-01 19:52:37,,General Chat Supplier
939,362,2,2022-06-01 19:53:16,2022-06-01 19:53:16,,General Chat Supplier
940,361,2,2022-06-01 19:53:58,2022-06-01 19:53:58,,General Chat Supplier
941,359,2,2022-06-01 19:54:49,2022-06-01 19:54:49,,General Chat Supplier
942,358,2,2022-06-01 19:55:43,2022-06-01 19:55:43,,General Chat Supplier
943,357,2,2022-06-01 19:56:41,2022-06-01 19:56:41,,General Chat Supplier
944,354,2,2022-06-01 19:58:20,2022-06-01 19:58:20,,General Chat Supplier
945,720,2,2022-06-01 19:59:10,2022-06-01 19:59:10,,General Chat Supplier
946,352,2,2022-06-01 20:00:04,2022-06-01 20:00:04,,General Chat Supplier
947,351,2,2022-06-01 20:01:08,2022-06-01 20:01:08,,General Chat Supplier
948,350,2,2022-06-01 20:02:18,2022-06-01 20:02:18,,General Chat Supplier
949,349,2,2022-06-01 20:03:56,2022-06-01 20:03:56,,General Chat Supplier
950,348,2,2022-06-01 20:05:22,2022-06-01 20:05:22,,General Chat Supplier
951,347,2,2022-06-01 20:07:34,2022-06-01 20:07:34,,General Chat Supplier
952,346,2,2022-06-01 20:11:02,2022-06-01 20:11:02,,General Chat Supplier
953,345,2,2022-06-01 20:13:05,2022-06-01 20:13:05,,General Chat Supplier
954,344,2,2022-06-01 20:14:45,2022-06-01 20:14:45,,General Chat Supplier
955,353,2,2022-06-01 20:18:57,2022-06-01 20:18:57,,General Chat Supplier
956,335,2,2022-06-01 20:20:02,2022-06-01 20:20:02,,General Chat Supplier
957,334,2,2022-06-01 20:21:00,2022-06-01 20:21:00,,General Chat Supplier
958,115,2,2022-06-01 20:21:46,2022-06-01 20:21:46,,General Chat Supplier
959,333,2,2022-06-01 20:22:15,2022-06-01 20:22:15,,General Chat Supplier
960,332,2,2022-06-01 20:23:01,2022-06-01 20:23:01,,General Chat Supplier
961,331,2,2022-06-01 20:23:28,2022-06-01 20:23:28,,General Chat Supplier
962,330,2,2022-06-01 20:23:59,2022-06-01 20:23:59,,General Chat Supplier
963,303,2,2022-06-01 20:24:33,2022-06-01 20:24:33,,General Chat Supplier
964,302,2,2022-06-01 20:25:34,2022-06-01 20:25:34,,General Chat Supplier
965,301,2,2022-06-01 20:26:10,2022-06-01 20:26:10,,General Chat Supplier
966,285,2,2022-06-01 20:26:39,2022-06-01 20:26:39,,General Chat Supplier
967,283,2,2022-06-01 20:27:12,2022-06-01 20:27:12,,General Chat Supplier
968,117,2,2022-06-01 20:27:48,2022-06-01 20:27:48,,General Chat Supplier
969,116,2,2022-06-01 20:28:24,2022-06-01 20:28:24,,General Chat Supplier
970,176,2,2022-06-01 20:31:36,2022-06-01 20:31:36,,General Chat Supplier
971,173,2,2022-06-01 20:32:10,2022-06-01 20:32:10,,General Chat Supplier
972,172,2,2022-06-01 20:32:49,2022-06-01 20:32:49,,General Chat Supplier
973,161,2,2022-06-01 20:33:36,2022-06-01 20:33:36,,General Chat Supplier
974,160,2,2022-06-01 20:34:11,2022-06-01 20:34:11,,General Chat Supplier
975,159,2,2022-06-01 20:34:43,2022-06-01 20:34:43,,General Chat Supplier
976,158,2,2022-06-01 20:35:16,2022-06-01 20:35:16,,General Chat Supplier
977,157,2,2022-06-01 20:36:18,2022-06-01 20:36:18,,General Chat Supplier
978,133,2,2022-06-01 20:37:06,2022-06-01 20:37:06,,General Chat Supplier
979,87,2,2022-06-01 20:38:14,2022-06-01 20:38:14,,General Chat Supplier
980,744,1,2022-06-01 21:33:49,2022-06-01 21:33:49,,Buyer - Account Manager
981,744,2,2022-06-01 21:33:49,2022-06-01 21:33:49,,General Chat Supplier
982,745,1,2022-06-01 21:33:55,2022-06-01 21:33:55,,Buyer - Account Manager
983,745,2,2022-06-01 21:33:55,2022-06-01 21:33:56,,General Chat Supplier
984,746,1,2022-06-01 21:34:01,2022-06-01 21:34:01,,Buyer - Account Manager
985,746,2,2022-06-01 21:34:01,2022-06-01 21:34:01,,General Chat Supplier
986,747,1,2022-06-01 21:36:54,2022-06-01 21:36:54,,Buyer - Account Manager
987,748,1,2022-06-01 21:36:57,2022-06-01 21:36:57,,Buyer - Account Manager
988,749,1,2022-06-01 21:38:25,2022-06-01 21:38:25,,Buyer - Account Manager
989,750,1,2022-06-01 21:38:29,2022-06-01 21:38:29,,Buyer - Account Manager
990,751,1,2022-06-01 21:39:29,2022-06-01 21:39:29,,Buyer - Account Manager
991,752,1,2022-06-01 21:56:25,2022-06-01 21:56:25,,Buyer - Account Manager
992,752,2,2022-06-01 21:56:25,2022-06-01 21:56:25,,General Chat Supplier
993,753,1,2022-06-01 22:32:52,2022-06-01 22:32:52,,Buyer - Account Manager
994,754,1,2022-06-01 22:33:11,2022-06-01 22:33:11,,Buyer - Account Manager
995,755,1,2022-06-01 22:33:15,2022-06-01 22:33:15,,Buyer - Account Manager
996,756,1,2022-06-01 22:33:18,2022-06-01 22:33:18,,Buyer - Account Manager
997,749,2,2022-06-02 13:09:04,2022-06-02 13:09:04,,General Chat Supplier
998,169,2,2022-06-02 19:36:57,2022-06-02 19:36:57,,General Chat Supplier
999,171,2,2022-06-02 19:38:49,2022-06-02 19:38:49,,General Chat Supplier
1000,170,2,2022-06-02 19:40:13,2022-06-02 19:40:13,,General Chat Supplier
1001,166,2,2022-06-02 19:41:05,2022-06-02 19:41:05,,General Chat Supplier
1002,165,2,2022-06-02 19:41:50,2022-06-02 19:41:50,,General Chat Supplier
1003,131,2,2022-06-02 19:42:24,2022-06-02 19:42:24,,General Chat Supplier
1004,130,2,2022-06-02 19:42:56,2022-06-02 19:42:56,,General Chat Supplier
1005,129,2,2022-06-02 19:44:01,2022-06-02 19:44:01,,General Chat Supplier
1006,125,2,2022-06-03 04:26:50,2022-06-03 04:26:50,,General Chat Supplier
1007,124,2,2022-06-03 04:29:30,2022-06-03 04:29:30,,General Chat Supplier
1008,123,2,2022-06-03 04:29:55,2022-06-03 04:29:55,,General Chat Supplier
1009,122,2,2022-06-03 04:30:29,2022-06-03 04:30:29,,General Chat Supplier
1010,121,2,2022-06-03 04:31:03,2022-06-03 04:31:03,,General Chat Supplier
1011,120,2,2022-06-03 04:31:38,2022-06-03 04:31:38,,General Chat Supplier
1012,119,2,2022-06-03 04:32:14,2022-06-03 04:32:14,,General Chat Supplier
1013,118,2,2022-06-03 04:32:49,2022-06-03 04:32:49,,General Chat Supplier
1014,304,2,2022-06-03 04:33:56,2022-06-03 04:33:56,,General Chat Supplier
1015,315,2,2022-06-03 04:34:29,2022-06-03 04:34:29,,General Chat Supplier
1016,299,2,2022-06-03 04:35:01,2022-06-03 04:35:01,,General Chat Supplier
1017,155,2,2022-06-03 04:35:41,2022-06-03 04:35:41,,General Chat Supplier
1018,154,2,2022-06-03 04:36:16,2022-06-03 04:36:16,,General Chat Supplier
1019,153,2,2022-06-03 04:37:04,2022-06-03 04:37:04,,General Chat Supplier
1020,144,2,2022-06-03 04:37:49,2022-06-03 04:37:49,,General Chat Supplier
1021,143,2,2022-06-03 04:38:27,2022-06-03 04:38:27,,General Chat Supplier
1022,139,2,2022-06-03 04:39:12,2022-06-03 04:39:12,,General Chat Supplier
1023,152,2,2022-06-03 04:40:01,2022-06-03 04:40:01,,General Chat Supplier
1024,151,2,2022-06-03 04:40:44,2022-06-03 04:40:44,,General Chat Supplier
1025,156,2,2022-06-03 04:41:28,2022-06-03 04:41:28,,General Chat Supplier
1026,137,2,2022-06-03 04:42:10,2022-06-03 04:42:10,,General Chat Supplier
1027,138,2,2022-06-03 04:42:48,2022-06-03 04:42:48,,General Chat Supplier
1028,136,2,2022-06-03 04:43:28,2022-06-03 04:43:28,,General Chat Supplier
1029,135,2,2022-06-03 04:44:15,2022-06-03 04:44:15,,General Chat Supplier
1030,134,2,2022-06-03 04:44:56,2022-06-03 04:44:56,,General Chat Supplier
1031,132,2,2022-06-03 04:45:37,2022-06-03 04:45:37,,General Chat Supplier
1032,108,2,2022-06-03 04:46:25,2022-06-03 04:46:25,,General Chat Supplier
1033,107,2,2022-06-03 04:47:17,2022-06-03 04:47:17,,General Chat Supplier
1034,105,2,2022-06-03 04:48:16,2022-06-03 04:48:16,,General Chat Supplier
1035,104,2,2022-06-03 04:49:05,2022-06-03 04:49:05,,General Chat Supplier
1036,103,2,2022-06-03 04:50:07,2022-06-03 04:50:07,,General Chat Supplier
1037,102,2,2022-06-03 04:51:09,2022-06-03 04:51:09,,General Chat Supplier
1038,101,2,2022-06-03 15:33:35,2022-06-03 15:33:35,,General Chat Supplier
1039,97,2,2022-06-03 15:34:13,2022-06-03 15:34:13,,General Chat Supplier
1040,96,2,2022-06-03 15:34:55,2022-06-03 15:34:55,,General Chat Supplier
1041,95,2,2022-06-03 15:35:32,2022-06-03 15:35:32,,General Chat Supplier
1042,94,2,2022-06-03 15:36:25,2022-06-03 15:36:25,,General Chat Supplier
1043,93,2,2022-06-03 15:38:27,2022-06-03 15:38:27,,General Chat Supplier
1044,92,2,2022-06-03 15:39:10,2022-06-03 15:39:10,,General Chat Supplier
1045,91,2,2022-06-03 15:40:04,2022-06-03 15:40:04,,General Chat Supplier
1046,89,2,2022-06-03 15:46:38,2022-06-03 15:46:38,,General Chat Supplier
1047,63,2,2022-06-03 15:47:16,2022-06-03 15:47:16,,General Chat Supplier
1048,62,2,2022-06-03 15:47:52,2022-06-03 15:47:52,,General Chat Supplier
1049,109,2,2022-06-03 15:48:23,2022-06-03 15:48:23,,General Chat Supplier
1050,60,2,2022-06-03 15:58:15,2022-06-03 15:58:15,,General Chat Supplier
1051,55,2,2022-06-03 15:58:59,2022-06-03 15:58:59,,General Chat Supplier
1052,54,2,2022-06-03 15:59:41,2022-06-03 15:59:41,,General Chat Supplier
1053,52,2,2022-06-03 16:00:37,2022-06-03 16:00:37,,General Chat Supplier
1054,51,2,2022-06-03 16:01:26,2022-06-03 16:01:26,,General Chat Supplier
1055,50,2,2022-06-03 16:11:03,2022-06-03 16:11:03,,General Chat Supplier
1056,49,2,2022-06-03 16:11:50,2022-06-03 16:11:50,,General Chat Supplier
1057,47,2,2022-06-03 16:12:45,2022-06-03 16:12:45,,General Chat Supplier
1058,40,2,2022-06-03 16:14:29,2022-06-03 16:14:29,,General Chat Supplier
1059,22,2,2022-06-03 16:15:15,2022-06-03 16:15:15,,General Chat Supplier
1060,21,2,2022-06-03 16:16:16,2022-06-03 16:16:16,,General Chat Supplier
1061,20,2,2022-06-03 16:17:10,2022-06-03 16:17:10,,General Chat Supplier
1062,281,2,2022-06-03 16:18:03,2022-06-03 16:18:03,,General Chat Supplier
1063,18,2,2022-06-03 16:18:52,2022-06-03 16:18:52,,General Chat Supplier
1064,17,2,2022-06-03 16:19:59,2022-06-03 16:19:59,,General Chat Supplier
1065,19,2,2022-06-03 16:21:43,2022-06-03 16:21:43,,General Chat Supplier
1066,61,2,2022-06-03 16:23:06,2022-06-03 16:23:06,,General Chat Supplier
1067,110,2,2022-06-03 16:24:43,2022-06-03 16:24:43,,General Chat Supplier
1068,112,2,2022-06-03 16:26:36,2022-06-03 16:26:36,,General Chat Supplier
1069,163,2,2022-06-03 16:29:15,2022-06-03 16:29:15,,General Chat Supplier
1070,177,2,2022-06-03 16:32:18,2022-06-03 16:32:18,,General Chat Supplier
1071,178,2,2022-06-03 16:33:35,2022-06-03 16:33:35,,General Chat Supplier
1072,179,2,2022-06-03 16:35:26,2022-06-03 16:35:26,,General Chat Supplier
1073,180,2,2022-06-03 16:37:26,2022-06-03 16:37:26,,General Chat Supplier
1074,189,2,2022-06-03 16:40:12,2022-06-03 16:40:12,,General Chat Supplier
1075,190,2,2022-06-03 17:14:09,2022-06-03 17:14:09,,General Chat Supplier
1076,197,2,2022-06-03 17:15:11,2022-06-03 17:15:11,,General Chat Supplier
1077,198,2,2022-06-03 17:16:08,2022-06-03 17:16:08,,General Chat Supplier
1078,199,2,2022-06-03 17:16:52,2022-06-03 17:16:52,,General Chat Supplier
1079,280,2,2022-06-03 17:17:39,2022-06-03 17:17:39,,General Chat Supplier
1080,282,2,2022-06-03 17:39:59,2022-06-03 17:39:59,,General Chat Supplier
1081,284,2,2022-06-03 17:40:35,2022-06-03 17:40:35,,General Chat Supplier
1082,287,2,2022-06-03 17:41:08,2022-06-03 17:41:08,,General Chat Supplier
1083,288,2,2022-06-03 17:41:44,2022-06-03 17:41:44,,General Chat Supplier
1084,293,2,2022-06-03 17:43:45,2022-06-03 17:43:45,,General Chat Supplier
1085,294,2,2022-06-03 17:44:18,2022-06-03 17:44:18,,General Chat Supplier
1086,305,2,2022-06-03 17:44:48,2022-06-03 17:44:48,,General Chat Supplier
1087,306,2,2022-06-03 17:45:20,2022-06-03 17:45:20,,General Chat Supplier
1088,311,2,2022-06-03 17:45:48,2022-06-03 17:45:48,,General Chat Supplier
1089,316,2,2022-06-03 17:46:26,2022-06-03 17:46:26,,General Chat Supplier
1090,317,2,2022-06-03 17:47:12,2022-06-03 17:47:12,,General Chat Supplier
1091,318,2,2022-06-03 17:47:50,2022-06-03 17:47:50,,General Chat Supplier
1092,320,2,2022-06-03 17:48:29,2022-06-03 17:48:29,,General Chat Supplier
1093,321,2,2022-06-03 17:49:18,2022-06-03 17:49:18,,General Chat Supplier
1094,323,2,2022-06-03 17:49:53,2022-06-03 17:49:53,,General Chat Supplier
1095,324,2,2022-06-03 17:50:27,2022-06-03 17:50:27,,General Chat Supplier
1096,325,2,2022-06-03 17:51:19,2022-06-03 17:51:19,,General Chat Supplier
1097,326,2,2022-06-03 17:52:03,2022-06-03 17:52:03,,General Chat Supplier
1098,327,2,2022-06-03 17:52:44,2022-06-03 17:52:44,,General Chat Supplier
1099,328,2,2022-06-03 17:53:29,2022-06-03 17:53:29,,General Chat Supplier
1100,757,1,2022-06-06 10:13:09,2022-06-06 10:13:09,,Buyer - Account Manager
1101,758,1,2022-06-06 10:14:45,2022-06-06 10:14:45,,Buyer - Account Manager
1102,759,1,2022-06-06 10:45:51,2022-06-06 10:45:51,,Buyer - Account Manager
1103,760,1,2022-06-06 11:31:29,2022-06-06 11:31:29,,Buyer - Account Manager
1104,761,1,2022-06-07 09:31:30,2022-06-07 09:31:30,,Buyer - Account Manager
1105,762,1,2022-06-07 15:46:25,2022-06-07 15:46:25,,Buyer - Account Manager
1106,762,2,2022-06-07 15:49:54,2022-06-07 15:49:54,,General Chat Supplier
1107,763,1,2022-06-07 15:52:52,2022-06-07 15:52:52,,Buyer - Account Manager
1108,763,2,2022-06-08 09:03:27,2022-06-08 09:03:27,,General Chat Supplier
1109,761,2,2022-06-09 09:08:58,2022-06-09 09:08:58,,General Chat Supplier
1110,764,1,2022-06-10 06:41:00,2022-06-10 06:41:00,,Buyer - Account Manager
1111,764,2,2022-06-14 10:02:38,2022-06-14 10:02:38,,General Chat Supplier
1112,736,3,2022-06-15 13:47:25,2022-06-15 13:47:25,1693,
1113,760,2,2022-06-16 09:43:05,2022-06-16 09:43:05,,General Chat Supplier
1114,759,2,2022-06-16 09:49:28,2022-06-16 09:49:28,,General Chat Supplier
1115,757,2,2022-06-16 14:02:08,2022-07-20 11:23:41,,General Chat
1116,756,2,2022-06-16 14:02:29,2022-07-20 11:30:36,,General Chat
1117,755,2,2022-06-16 14:02:52,2022-06-16 14:02:52,,General Chat Supplier
1118,754,2,2022-06-16 14:04:17,2022-06-16 14:04:17,,General Chat Supplier
1119,753,2,2022-06-16 14:04:37,2022-06-16 14:04:37,,General Chat Supplier
1120,751,2,2022-06-16 14:05:26,2022-06-16 14:05:26,,General Chat Supplier
1121,750,2,2022-06-16 14:05:50,2022-06-16 14:05:50,,General Chat Supplier
1122,748,2,2022-06-16 14:06:59,2022-06-16 14:06:59,,General Chat Supplier
1123,747,2,2022-06-16 14:08:28,2022-06-16 14:08:28,,General Chat Supplier
1124,742,2,2022-06-16 14:10:22,2022-06-16 14:10:22,,General Chat Supplier
1125,741,2,2022-06-16 14:10:42,2022-06-16 14:10:42,,General Chat Supplier
1126,740,2,2022-06-16 14:11:21,2022-06-16 14:11:21,,General Chat Supplier
1127,739,2,2022-06-16 14:11:56,2022-06-16 14:11:56,,General Chat Supplier
1128,738,2,2022-06-16 14:13:42,2022-06-16 14:13:42,,General Chat Supplier
1129,737,2,2022-06-16 14:14:28,2022-06-16 14:14:28,,General Chat Supplier
1130,732,2,2022-06-17 13:33:09,2022-06-17 13:33:09,,General Chat Supplier
1131,729,2,2022-06-17 13:33:42,2022-06-17 13:33:42,,General Chat Supplier
1132,718,2,2022-06-17 13:34:01,2022-06-17 13:34:01,,General Chat Supplier
1133,758,2,2022-06-17 13:34:17,2022-06-17 13:34:17,,General Chat Supplier
1134,728,2,2022-06-17 13:34:33,2022-06-17 13:34:33,,General Chat Supplier
1135,713,2,2022-06-17 13:34:41,2022-06-17 13:34:41,,General Chat Supplier
1136,725,2,2022-06-17 13:36:10,2022-06-17 13:36:10,,General Chat Supplier
1137,727,2,2022-06-17 13:36:17,2022-06-17 13:36:17,,General Chat Supplier
1138,726,2,2022-06-17 13:36:44,2022-06-17 13:36:44,,General Chat Supplier
1139,721,2,2022-06-17 13:39:04,2022-06-17 13:39:04,,General Chat Supplier
1140,715,2,2022-06-17 13:39:35,2022-06-17 13:39:35,,General Chat Supplier
1141,724,2,2022-06-17 13:41:38,2022-06-17 13:41:38,,General Chat Supplier
1142,722,2,2022-06-17 13:42:03,2022-06-17 13:42:03,,General Chat Supplier
1143,723,2,2022-06-17 13:42:18,2022-06-17 13:42:18,,General Chat Supplier
1144,714,2,2022-06-17 13:42:34,2022-06-17 13:42:34,,General Chat Supplier
1145,717,2,2022-06-17 13:42:44,2022-06-17 13:42:44,,General Chat Supplier
1146,716,2,2022-06-17 13:43:12,2022-06-17 13:43:12,,General Chat Supplier
1147,700,2,2022-06-17 15:21:51,2022-06-17 15:21:51,,General Chat Supplier
1148,765,1,2022-06-23 11:20:37,2022-06-23 11:20:37,,Buyer - Account Manager
1149,766,1,2022-06-23 11:23:25,2022-06-23 11:23:25,,Buyer - Account Manager
1150,765,2,2022-06-23 11:45:00,2022-06-23 11:45:00,,General Chat Supplier
1151,766,2,2022-06-23 11:45:17,2022-06-23 11:45:17,,General Chat Supplier
1152,767,1,2022-06-29 22:10:06,2022-06-29 22:10:06,,Buyer - Account Manager
1153,767,2,2022-06-30 08:57:25,2022-06-30 08:57:25,,General Chat Supplier
1154,768,1,2022-07-04 11:38:31,2022-07-04 11:38:31,,Buyer - Account Manager
1155,768,2,2022-07-04 12:07:16,2022-07-04 12:07:16,,General Chat Supplier
1156,769,1,2022-07-08 16:23:33,2022-07-08 16:23:33,,Buyer - Account Manager
1157,770,1,2022-07-12 15:54:18,2022-07-12 15:54:18,,Buyer - Account Manager
1158,770,2,2022-07-12 18:46:16,2022-07-12 18:46:16,,General Chat Supplier
1159,693,3,2022-07-15 11:06:49,2022-07-15 11:08:15,402,Buyer - Desinger Chat
1160,757,3,2022-07-20 11:23:55,2022-07-20 11:24:23,1693,Design Department
1161,757,3,2022-07-20 11:24:51,2022-11-25 19:09:05,1693,Operations chat with Manufacturer
1162,756,3,2022-07-20 11:30:54,2022-07-20 11:30:54,1693,
1163,756,3,2022-07-20 11:31:14,2022-07-20 11:31:14,1693,
1164,755,3,2022-07-20 11:32:11,2022-07-20 11:32:11,1693,
1165,755,3,2022-07-20 11:32:18,2022-07-20 11:32:18,1693,
1166,754,3,2022-07-20 11:33:06,2022-07-20 11:33:06,1693,
1167,754,3,2022-07-20 11:33:13,2022-07-20 11:33:13,1693,
1168,753,3,2022-07-20 11:33:32,2022-07-20 11:33:32,1693,
1169,753,3,2022-07-20 11:33:37,2022-07-20 11:33:37,1693,
1170,751,3,2022-07-20 11:33:54,2022-07-20 11:33:54,1693,
1171,751,3,2022-07-20 11:33:59,2022-07-20 11:33:59,1693,
1172,750,3,2022-07-20 11:34:15,2022-07-20 11:34:15,1693,
1173,750,3,2022-07-20 11:34:34,2022-07-20 11:34:34,1693,
1174,750,3,2022-07-20 11:34:35,2022-07-20 11:34:35,1693,
1175,748,3,2022-07-20 11:37:39,2022-07-20 11:37:39,1693,
1176,748,3,2022-07-20 11:37:44,2022-07-20 11:37:44,1693,
1177,747,3,2022-07-20 11:38:05,2022-07-20 11:38:05,1693,
1178,747,3,2022-07-20 11:38:12,2022-07-20 11:38:12,1693,
1179,742,3,2022-07-20 11:39:34,2022-07-20 11:39:34,1693,
1180,742,3,2022-07-20 11:39:41,2022-07-20 11:39:41,1693,
1181,741,3,2022-07-20 11:40:13,2022-07-20 11:40:13,1693,
1182,741,3,2022-07-20 11:40:19,2022-07-20 11:40:19,1693,
1183,740,3,2022-07-20 11:40:42,2022-07-20 11:40:42,1693,
1184,740,3,2022-07-20 11:40:50,2022-07-20 11:40:50,1693,
1185,739,3,2022-07-20 11:41:04,2022-07-20 11:41:04,1693,
1186,739,3,2022-07-20 11:41:09,2022-07-20 11:41:09,1693,
1187,737,3,2022-07-20 11:43:16,2022-07-20 11:43:16,1693,
1188,737,3,2022-07-20 11:43:36,2022-07-20 11:43:36,1693,
1189,738,3,2022-07-20 11:43:56,2022-07-20 11:43:56,1693,
1190,738,3,2022-07-20 11:44:05,2022-07-20 11:44:05,1693,
1191,771,1,2022-07-23 17:21:28,2022-07-23 17:21:28,,Buyer - Account Manager
1192,772,1,2022-07-25 13:57:57,2022-07-25 13:57:57,,Buyer - Account Manager
1193,773,1,2022-07-25 14:37:18,2022-07-25 14:37:18,,Buyer - Account Manager
1194,773,2,2022-07-25 14:57:15,2022-07-25 14:57:15,,General Chat Supplier
1195,693,3,2022-07-29 10:22:35,2022-07-29 10:27:44,402,Chat with Designer & Manufacturer
1196,771,2,2022-07-30 09:59:21,2022-07-30 09:59:21,,General Chat Supplier
1197,774,1,2022-08-02 18:01:59,2022-08-02 18:01:59,,Buyer - Account Manager
1198,734,3,2022-08-02 20:38:04,2022-08-04 09:25:34,1693,"Tech pack Development - Designer, Consultant, Buyer, operations, account manager"
1199,734,3,2022-08-02 20:38:19,2022-08-02 20:38:19,1693,
1200,775,1,2022-08-03 17:06:35,2022-08-03 17:06:35,,Buyer - Account Manager
1201,775,2,2022-08-03 17:13:58,2022-08-03 17:13:58,,General Chat Supplier
1202,776,1,2022-08-05 01:22:57,2022-08-05 01:22:57,,Buyer - Account Manager
1203,774,2,2022-08-06 19:03:50,2022-08-06 19:03:50,,General Chat Supplier
1204,777,1,2022-08-07 03:20:17,2022-08-07 03:20:17,,Buyer - Account Manager
1205,778,1,2022-08-08 11:22:42,2022-08-08 11:22:42,,Buyer - Account Manager
1206,778,2,2022-08-08 11:23:36,2022-08-08 11:23:36,,General Chat Supplier
1207,779,1,2022-08-08 11:31:13,2022-08-08 11:31:13,,Buyer - Account Manager
1208,779,2,2022-08-08 11:31:38,2022-08-08 11:31:38,,General Chat Supplier
1209,778,3,2022-08-08 14:03:52,2022-08-08 14:03:52,1693,
1210,779,3,2022-08-08 14:04:12,2022-08-08 14:04:12,1693,
1211,777,2,2022-08-08 14:38:05,2022-08-08 14:38:05,,General Chat Supplier
1212,776,2,2022-08-08 14:50:05,2022-08-08 14:50:05,,General Chat Supplier
1213,731,3,2022-08-08 15:47:32,2022-08-08 15:47:32,1693,
1214,780,1,2022-08-10 17:10:13,2022-09-28 09:52:42,,Account Manager
1215,731,3,2022-08-10 21:35:58,2022-08-10 21:35:58,1693,
1216,766,3,2022-08-11 09:11:29,2022-08-11 09:11:29,1693,
1217,781,1,2022-08-12 09:34:09,2022-08-12 09:34:09,,Buyer - Account Manager
1218,782,1,2022-08-12 09:42:04,2022-08-12 09:42:04,,Buyer - Account Manager
1219,783,1,2022-08-12 09:44:33,2022-08-12 09:44:33,,Buyer - Account Manager
1220,784,1,2022-08-13 08:36:29,2022-08-13 08:36:29,,Buyer - Account Manager
1221,780,2,2022-08-15 09:35:26,2022-09-28 09:52:27,,Operations Chat
1222,784,2,2022-08-15 09:50:21,2022-08-15 09:50:21,,General Chat Supplier
1223,785,1,2022-08-15 14:05:42,2022-08-17 15:27:03,,Main Chat
1224,786,1,2022-08-15 16:43:34,2022-08-15 16:43:34,,Buyer - Account Manager
1225,787,1,2022-08-16 05:06:04,2022-08-16 05:06:04,,Buyer - Account Manager
1226,787,2,2022-08-16 05:06:48,2022-08-16 05:06:48,,General Chat Supplier
1227,786,2,2022-08-16 14:14:09,2022-08-16 14:14:09,,General Chat Supplier
1228,786,3,2022-08-16 14:31:26,2022-08-16 14:31:26,1693,
1229,786,3,2022-08-16 14:31:32,2022-08-16 14:31:32,1693,
1230,786,3,2022-08-16 14:31:33,2022-08-16 14:31:33,1693,
1231,786,3,2022-08-16 14:31:33,2022-08-16 14:31:33,1693,
1232,786,3,2022-08-16 14:31:33,2022-08-16 14:31:33,1693,
1233,786,3,2022-08-16 14:31:34,2022-08-16 14:31:34,1693,
1234,786,3,2022-08-16 14:31:34,2022-08-16 14:31:34,1693,
1235,786,3,2022-08-16 14:31:34,2022-08-16 14:31:34,1693,
1236,786,3,2022-08-16 14:31:34,2022-08-16 14:31:34,1693,
1237,786,3,2022-08-16 14:31:35,2022-08-16 14:31:35,1693,
1238,786,3,2022-08-16 14:31:35,2022-08-16 14:31:35,1693,
1239,786,3,2022-08-16 14:31:35,2022-08-16 14:31:35,1693,
1240,786,3,2022-08-16 14:32:12,2022-08-16 14:32:12,1693,
1241,786,3,2022-08-16 14:32:13,2022-08-16 14:32:13,1693,
1242,786,3,2022-08-16 14:32:13,2022-08-16 14:32:13,1693,
1243,786,3,2022-08-16 14:32:13,2022-08-16 14:32:13,1693,
1244,786,3,2022-08-16 14:32:14,2022-08-16 14:32:14,1693,
1245,786,3,2022-08-16 14:32:14,2022-08-16 14:32:14,1693,
1246,786,3,2022-08-16 14:32:14,2022-08-16 14:32:14,1693,
1247,786,3,2022-08-16 14:32:14,2022-08-16 14:32:14,1693,
1248,433,3,2022-08-17 07:03:20,2022-08-17 07:03:20,402,
1249,433,3,2022-08-17 07:03:27,2022-08-17 07:03:27,402,
1250,433,3,2022-08-17 07:04:07,2022-08-17 07:04:07,402,
1251,433,3,2022-08-17 07:04:28,2022-08-17 07:04:28,402,
1252,433,3,2022-08-17 07:04:39,2022-08-17 07:04:39,402,
1253,433,3,2022-08-17 07:04:45,2022-08-17 07:04:45,402,
1254,785,2,2022-08-17 15:14:31,2022-08-17 15:14:31,,General Chat Supplier
1255,785,3,2022-08-17 15:26:22,2022-08-17 15:26:54,1693,Operations
1256,783,2,2022-08-18 09:17:16,2022-08-18 09:17:16,,General Chat Supplier
1257,783,3,2022-08-18 09:17:39,2022-08-18 09:17:39,1693,
1258,783,3,2022-08-18 09:17:42,2022-08-18 09:17:42,1693,
1259,782,2,2022-08-18 09:18:25,2022-08-18 09:18:25,,General Chat Supplier
1260,782,3,2022-08-18 09:18:44,2022-08-18 09:18:44,1693,
1261,781,2,2022-08-18 09:19:43,2022-08-18 09:19:43,,General Chat Supplier
1262,781,3,2022-08-18 09:20:12,2022-08-18 09:20:12,1693,
1263,788,1,2022-08-18 15:26:14,2022-08-18 15:26:14,,Buyer - Account Manager
1264,788,2,2022-08-18 15:26:14,2022-08-18 15:26:14,,General Chat Supplier
1265,788,3,2022-08-18 15:26:14,2022-08-18 15:26:14,402,
1266,788,3,2022-08-18 15:26:14,2022-08-18 15:26:14,402,
1267,734,3,2022-08-18 16:01:05,2022-08-18 16:01:05,1693,
1268,771,3,2022-08-19 19:21:38,2022-08-19 19:21:38,1691,
1269,789,1,2022-08-23 10:18:37,2022-08-23 10:18:37,,Buyer - Account Manager
1270,790,1,2022-08-23 12:15:00,2022-08-23 12:15:00,,Buyer - Account Manager
1271,790,2,2022-08-23 12:27:39,2022-08-23 12:27:39,,General Chat Supplier
1272,789,2,2022-08-23 15:57:07,2022-08-23 15:57:07,,General Chat Supplier
1273,789,3,2022-08-23 15:57:17,2022-08-23 15:57:17,1693,
1274,789,3,2022-08-23 15:57:42,2022-08-23 15:57:42,1693,
1275,789,3,2022-08-23 15:57:46,2022-08-23 15:57:46,1693,
1276,789,3,2022-08-23 15:59:11,2022-08-23 15:59:11,1693,
1277,791,1,2022-08-24 08:55:53,2022-08-24 08:55:53,,Buyer - Account Manager
1278,791,2,2022-08-24 08:56:08,2022-08-24 08:56:08,,General Chat Supplier
1279,792,1,2022-08-24 13:35:42,2022-08-24 13:35:42,,Buyer - Account Manager
1280,793,1,2022-08-24 17:47:57,2022-08-24 17:47:57,,Buyer - Account Manager
1281,793,2,2022-08-25 13:44:49,2022-08-25 13:44:49,,General Chat Supplier
1282,794,1,2022-08-28 14:48:54,2022-08-28 14:48:54,,Buyer - Account Manager
1283,794,2,2022-08-30 11:56:12,2022-08-30 11:56:12,,General Chat Supplier
1284,794,2,2022-08-30 11:56:12,2022-08-30 11:56:12,,General Chat Supplier
1285,794,3,2022-08-30 11:56:40,2022-12-05 13:38:57,1693,Chat with Manufacturer
1286,792,2,2022-08-30 13:12:12,2022-08-30 13:12:12,,General Chat Supplier
1287,792,3,2022-08-30 13:12:32,2022-08-30 13:12:32,1693,
1288,792,3,2022-08-30 18:38:02,2022-08-30 18:38:02,1693,
1289,795,1,2022-08-31 13:03:34,2022-08-31 13:03:34,,Buyer - Account Manager
1290,795,2,2022-08-31 13:03:56,2022-08-31 13:03:56,,General Chat Supplier
1291,734,3,2022-09-05 12:45:55,2022-09-05 12:45:55,1693,
1292,734,3,2022-09-05 12:47:35,2022-09-05 12:52:53,1693,"Chat with Manufacturer, Technical & Design"
1293,734,3,2022-09-05 12:47:38,2022-09-05 12:47:38,1693,
1294,796,1,2022-09-07 06:49:05,2022-09-07 06:49:05,,Buyer - Account Manager
1295,795,3,2022-09-09 14:04:47,2022-09-09 14:04:47,1691,
1296,797,1,2022-09-09 15:25:38,2022-09-09 15:25:38,,Buyer - Account Manager
1297,797,2,2022-09-09 15:28:46,2022-09-09 15:28:46,,General Chat Supplier
1298,798,1,2022-09-13 21:53:19,2022-09-13 21:53:19,,Buyer - Account Manager
1299,798,2,2022-09-14 09:14:17,2022-09-14 09:14:17,,General Chat Supplier
1300,799,1,2022-09-21 14:42:27,2022-09-21 14:42:27,,Buyer - Account Manager
1301,792,3,2022-09-22 14:52:13,2022-09-22 14:53:37,1962,Chat with Manufacturer - Cotton Pant
1302,780,3,2022-09-26 11:30:27,2022-09-26 11:30:27,1693,
1303,799,2,2022-09-27 09:05:57,2022-09-27 09:05:57,,General Chat Supplier
1304,780,3,2022-09-28 09:51:43,2022-09-28 09:52:17,1693,Design Chat
1305,644,3,2022-09-28 11:42:53,2022-09-28 11:43:34,1693,Operations Chat
1306,800,1,2022-09-28 15:52:56,2022-09-28 15:52:56,,Buyer - Account Manager
1307,800,2,2022-09-28 15:53:32,2022-09-28 15:53:32,,General Chat Supplier
1308,800,3,2022-09-28 15:56:19,2022-09-28 15:57:13,1693,Operations Chat
1309,800,3,2022-09-28 15:56:29,2022-09-28 15:56:50,1693,Design Chat
1310,801,1,2022-09-28 21:14:52,2022-09-28 21:14:52,,Buyer - Account Manager
1311,801,2,2022-09-29 09:18:18,2022-09-29 09:18:18,,General Chat Supplier
1312,802,1,2022-09-29 10:57:15,2022-09-29 10:57:15,,Buyer - Account Manager
1313,803,1,2022-10-05 01:21:24,2022-10-05 01:21:24,,Buyer - Account Manager
1314,803,2,2022-10-05 14:23:11,2022-10-05 14:23:11,,General Chat Supplier
1315,804,1,2022-10-12 16:52:15,2022-10-12 16:52:15,,Buyer - Account Manager
1316,805,1,2022-10-12 16:54:24,2022-10-12 16:54:24,,Buyer - Account Manager
1317,805,2,2022-10-13 15:03:59,2022-10-13 15:03:59,,General Chat Supplier
1318,804,2,2022-10-13 15:05:02,2022-10-13 15:05:02,,General Chat Supplier
1319,806,1,2022-10-15 11:44:26,2022-10-15 11:44:26,,Buyer - Account Manager
1320,806,2,2022-10-15 11:54:48,2022-10-15 11:54:48,,General Chat Supplier
1321,802,2,2022-10-15 13:36:13,2022-10-15 13:36:13,,General Chat Supplier
1322,807,1,2022-10-18 16:54:56,2022-10-18 16:54:56,,Buyer - Account Manager
1323,808,1,2022-10-18 17:03:27,2022-10-18 17:03:27,,Buyer - Account Manager
1324,809,1,2022-10-18 17:23:10,2022-10-18 17:23:10,,Buyer - Account Manager
1325,810,1,2022-10-18 17:28:06,2022-10-18 17:28:06,,Buyer - Account Manager
1326,810,2,2022-10-19 17:52:24,2022-10-19 17:52:24,,General Chat Supplier
1327,809,2,2022-10-19 17:52:39,2022-10-19 17:52:39,,General Chat Supplier
1328,808,2,2022-10-19 17:52:51,2022-10-19 17:52:51,,General Chat Supplier
1329,807,2,2022-10-19 17:53:07,2022-10-19 17:53:07,,General Chat Supplier
1330,811,1,2022-10-22 01:15:22,2022-10-22 01:15:22,,Buyer - Account Manager
1331,812,1,2022-10-22 01:20:35,2022-10-22 01:20:35,,Buyer - Account Manager
1332,813,1,2022-10-22 01:26:30,2022-10-22 01:26:30,,Buyer - Account Manager
1333,814,1,2022-10-22 01:43:07,2022-10-22 01:43:07,,Buyer - Account Manager
1334,815,1,2022-10-22 01:46:03,2022-10-22 01:46:03,,Buyer - Account Manager
1335,811,2,2022-10-22 04:55:02,2022-10-22 04:55:02,,General Chat Supplier
1336,812,2,2022-10-22 04:55:18,2022-10-22 04:55:18,,General Chat Supplier
1337,813,2,2022-10-22 04:55:28,2022-10-22 04:55:28,,General Chat Supplier
1338,814,2,2022-10-22 04:55:38,2022-10-22 04:55:38,,General Chat Supplier
1339,815,2,2022-10-22 04:55:47,2022-10-22 04:55:47,,General Chat Supplier
1340,816,1,2022-10-26 14:39:06,2022-10-26 14:39:06,,Buyer - Account Manager
1341,817,1,2022-10-26 17:35:31,2022-10-26 17:35:31,,Buyer - Account Manager
1342,816,2,2022-10-26 20:10:04,2022-10-26 20:10:04,,General Chat Supplier
1343,636,3,2022-10-27 07:12:14,2022-10-27 07:12:14,402,
1344,818,1,2022-10-27 11:03:39,2022-10-27 11:03:39,,Buyer - Account Manager
1345,818,2,2022-10-27 11:07:36,2022-10-27 11:07:36,,General Chat Supplier
1346,819,1,2022-10-27 11:09:09,2022-10-27 11:09:09,,Buyer - Account Manager
1347,819,2,2022-10-27 11:23:09,2022-10-27 11:23:09,,General Chat Supplier
1348,817,2,2022-10-30 08:51:35,2022-10-30 08:51:35,,General Chat Supplier
1349,820,1,2022-10-31 06:27:44,2022-10-31 06:27:44,,Buyer - Account Manager
1350,820,2,2022-10-31 09:46:16,2022-10-31 09:46:16,,General Chat Supplier
1351,821,1,2022-10-31 15:39:41,2022-10-31 15:39:41,,Buyer - Account Manager
1352,821,2,2022-10-31 16:56:35,2022-10-31 16:56:35,,General Chat Supplier
1353,822,1,2022-11-02 14:47:20,2022-11-02 14:47:20,,Buyer - Account Manager
1354,823,1,2022-11-02 14:51:51,2022-11-02 14:51:51,,Buyer - Account Manager
1355,824,1,2022-11-02 14:53:53,2022-11-02 14:53:53,,Buyer - Account Manager
1356,825,1,2022-11-02 14:55:01,2022-11-02 14:55:01,,Buyer - Account Manager
1357,822,2,2022-11-02 14:56:23,2022-11-02 14:56:23,,General Chat Supplier
1358,823,2,2022-11-02 14:57:38,2022-11-02 14:57:38,,General Chat Supplier
1359,826,1,2022-11-02 14:57:39,2022-11-02 14:57:39,,Buyer - Account Manager
1360,825,2,2022-11-02 14:57:53,2022-11-02 14:57:53,,General Chat Supplier
1361,824,2,2022-11-02 14:58:11,2022-11-02 14:58:11,,General Chat Supplier
1362,826,2,2022-11-02 14:58:28,2022-11-02 14:58:28,,General Chat Supplier
1363,827,1,2022-11-02 14:59:28,2022-11-02 14:59:28,,Buyer - Account Manager
1364,828,1,2022-11-02 15:01:40,2022-11-02 15:01:40,,Buyer - Account Manager
1365,829,1,2022-11-02 15:02:38,2022-11-02 15:02:38,,Buyer - Account Manager
1366,830,1,2022-11-02 15:04:14,2022-11-02 15:04:14,,Buyer - Account Manager
1367,827,2,2022-11-02 15:05:33,2022-11-02 15:05:33,,General Chat Supplier
1368,828,2,2022-11-02 15:05:51,2022-11-02 15:05:51,,General Chat Supplier
1369,831,1,2022-11-02 15:06:12,2022-11-02 15:06:12,,Buyer - Account Manager
1370,829,2,2022-11-02 15:06:20,2022-11-02 15:06:20,,General Chat Supplier
1371,830,2,2022-11-02 15:06:41,2022-11-02 15:06:41,,General Chat Supplier
1372,831,2,2022-11-02 15:06:55,2022-11-02 15:06:55,,General Chat Supplier
1373,832,1,2022-11-03 00:02:02,2022-11-03 00:02:02,,Buyer - Account Manager
1374,833,1,2022-11-03 06:01:32,2022-11-03 06:01:32,,Buyer - Account Manager
1375,833,2,2022-11-03 06:02:17,2022-11-03 06:02:17,,General Chat Supplier
1376,832,2,2022-11-05 03:19:44,2022-11-05 03:19:44,,General Chat Supplier
1377,834,1,2022-11-08 15:20:31,2022-11-08 15:20:31,,Buyer - Account Manager
1378,835,1,2022-11-09 07:16:18,2022-11-09 07:16:18,,Buyer - Account Manager
1379,835,2,2022-11-09 07:17:18,2022-11-09 07:17:18,,General Chat Supplier
1380,834,2,2022-11-09 14:23:33,2022-11-09 14:23:33,,General Chat Supplier
1381,836,1,2022-11-14 16:39:42,2022-11-14 16:39:42,,Buyer - Account Manager
1382,837,1,2022-11-15 07:14:04,2022-11-15 07:14:04,,Buyer - Account Manager
1383,837,2,2022-11-15 07:43:45,2022-11-15 07:43:45,,General Chat Supplier
1384,836,2,2022-11-16 04:55:49,2022-11-16 04:55:49,,General Chat Supplier
1385,838,1,2022-11-22 21:51:53,2022-11-22 21:51:53,,Buyer - Account Manager
1386,838,2,2022-11-26 16:32:44,2022-11-26 16:32:44,,General Chat Supplier
1387,839,1,2022-11-28 11:30:08,2022-11-28 11:30:08,,Buyer - Account Manager
1388,839,2,2022-11-28 12:15:28,2022-11-28 12:15:28,,General Chat Supplier
1389,804,3,2022-12-13 17:26:08,2022-12-13 17:26:43,2017,Technical Discussion
1390,810,3,2022-12-13 19:12:16,2022-12-13 19:14:18,2017,Technical Discussions
1391,805,3,2022-12-13 19:17:09,2022-12-13 19:20:40,2017,Technical Discussion
1392,805,3,2022-12-13 19:17:39,2022-12-13 19:17:39,2017,
1393,807,3,2022-12-13 19:22:34,2022-12-13 19:22:56,2017,Technical Discussion
1394,809,3,2022-12-13 19:24:34,2022-12-13 19:24:55,2017,Technical Discussions
1395,808,3,2022-12-13 19:26:07,2022-12-13 19:26:32,2017,Technical Discussion
1396,823,3,2022-12-13 19:30:10,2022-12-13 19:30:32,2017,Technical Discussion
1397,822,3,2022-12-13 19:38:22,2022-12-13 19:38:46,2017,Technical Discussion
1398,840,1,2022-12-14 14:40:26,2023-01-12 09:39:51,,chat testing in production B&A
1399,840,2,2022-12-14 14:40:48,2022-12-14 14:40:48,,General Chat Supplier
1400,841,1,2022-12-19 11:48:56,2022-12-19 11:48:56,,Buyer - Account Manager
1401,841,2,2022-12-19 12:39:34,2022-12-19 12:39:34,,General Chat Supplier
1402,842,1,2022-12-30 11:49:38,2022-12-30 11:49:38,,Buyer - Account Manager
1403,840,3,2023-01-12 09:48:41,2023-01-13 12:13:26,1691,Chat history limitations test
1404,843,1,2023-01-23 15:26:05,2023-01-23 15:26:05,,Buyer - Account Manager
1405,843,2,2023-01-23 15:26:05,2023-01-23 15:26:05,,General Chat Supplier
1406,843,3,2023-01-23 15:26:05,2023-01-23 15:26:05,402,"Commom Chat - Buyer, Manufacturer, Tehnical designer"
1407,843,3,2023-01-23 15:26:05,2023-01-23 15:26:05,402,Supplier - Desinger Chat
1408,843,3,2023-01-23 15:26:05,2023-01-23 15:26:05,402,Buyer - Desinger Chat
1409,843,3,2023-01-23 15:26:05,2023-01-23 15:26:05,402,Chat with Designer & Manufacturer
1410,844,1,2023-01-23 15:26:17,2023-01-23 15:26:17,,Buyer - Account Manager
1411,844,2,2023-01-23 15:26:17,2023-01-23 15:26:17,,General Chat Supplier
1412,844,3,2023-01-23 15:26:17,2023-01-23 15:26:17,402,"Commom Chat - Buyer, Manufacturer, Tehnical designer"
1413,844,3,2023-01-23 15:26:17,2023-01-23 15:26:17,402,Supplier - Desinger Chat
1414,844,3,2023-01-23 15:26:17,2023-01-23 15:26:17,402,Buyer - Desinger Chat
1415,844,3,2023-01-23 15:26:17,2023-01-23 15:26:17,402,Chat with Designer & Manufacturer
1416,845,1,2023-01-24 17:32:32,2023-01-24 17:32:32,,Buyer - Account Manager
1417,845,2,2023-01-24 18:44:50,2023-01-24 18:44:50,,General Chat Supplier
